0,1,2,3,4,5,6,7,8,9,10,11,12,13,14,15,16,17,18,19,20,21,22,23,24,25,26,27,28,29,30,31,32,33,34,35,36,37,38,39,40,41,42,43,X,Y
3.022252926143665e-06,1.195855813018861,1.5860652422445725,0.9904705628598744,0.6799600136136421,0.47462055466924724,0.30783676614704447,0.15285267707592265,0.15285267707592176,0.9555209198235657,0.3035739421566426,0.7396566069633588,0.4575692587076352,0.5666366312287359,0.633303908521822,0.4186800136199995,0.8729911615495283,0.27976420026625615,1.2761587772807719,0.14094780613072988,2.1117372177357097,0.14094780613072988,0.2840270242566625,0.4357313095816222,0.6132927363205711,0.8571360082737289,1.2654273847874102,2.106371521489029,4.297061991051507,4.1918088388632295,4.438006774929311,3.1488057029202903,3.1359685569414006,2.496858725253367,2.5812293036631484,2.2147713769976436,2.5145620263700774,2.2814386542907297,2.897077479974559,2.7357498022202584,3.854668098614925,3.732144379234774,5.808186943028031,5.7029337908397535,0.0,0.5
1.195855813018861,3.022252926143665e-06,0.9555209198235657,0.7396566069633561,0.5666366312287359,0.4186800136200004,0.27976420026625615,0.14094780613072988,0.14094780613073077,1.5860652422445725,0.2840270242566634,0.9904705628598744,0.435731309581624,0.6799600136136448,0.6132927363205702,0.474620554669249,0.8571360082737294,0.30783676614704625,1.2654273847874102,0.15285267707592354,2.1063715214890277,0.15285267707592265,0.3035739421566417,0.4575692587076343,0.6333039085218211,0.8729911615495252,1.276158777280771,2.1117372177357083,4.191808838863237,4.297061991051505,3.1488057029202983,4.43800677492931,2.4968587252533743,3.1359685569414006,2.2147713769976525,2.58122930366315,2.2814386542907377,2.5145620263700756,2.7357498022202624,2.897077479974556,3.7321443792347773,3.85466809861492,5.702933790839755,5.808186943028024,0.5,0.0
2.114812672206914,1.7451610922862635,1.771771674263789e-06,1.0096593439812258,0.6602938915712171,0.45017394111945475,0.2887425162511814,0.1426564591307491,0.14265645913074998,1.032468514476224,0.2818833202718185,0.7155839810333839,0.4227371572019969,0.5274240331688063,0.5827918426965013,0.38458454895922234,0.8011947117453975,0.25582788049751226,1.1692595733801276,0.1286981878234741,1.933132479567226,0.1286981878234741,0.2589648707963814,0.39713251015469275,0.559329062457421,0.7826047974102588,1.1566771868413053,1.9268412862978144,4.789748238244886,4.666340596032416,2.8036337538614466,3.0638359628769027,3.062596852886154,2.3132507686724972,2.4500700190596207,2.02040394484111,2.3491051899458246,2.0757717543688052,2.6815360462366287,2.4923819171549804,3.5494707168267525,3.4058136100375958,5.333655543993818,5.210247901781348,0.0,1.5
2.143278240762429,1.6178059187223752,0.8152633921216204,0.6630085644638255,0.5132670606769638,0.3794814454532416,0.2532293862351809,0.12743172039560413,0.12743172039560324,1.092332268667474,0.2564974953472321,0.7732192800491289,0.39255388190143936,0.5630627389937626,0.5508567323742248,0.40406240243081193,0.7676393913189763,0.26556481455286907,1.1306940038100641,0.13266286609134603,1.8793632036594348,0.13266286609134603,0.26508664981251506,0.4021497434693897,0.5596498858497463,0.7746063393183191,1.1354095087415692,1.881720956125187,4.848710289507768,4.894959810108865,2.8380949148366845,3.4045856117820934,2.2879181725275792,2.5687508384618516,2.0270593515331434,2.188085440314162,2.073442176705926,2.1758794336946243,2.4685670705710034,2.5394564225827887,3.3507471930773916,3.404585611839984,5.105036428806975,5.151285949408073,0.5,1.0
1.9262559967382522,1.8275249529341266,1.2773136549196433,1.1896873317596146e-06,0.7066201485268495,0.46020213455871417,0.28928876925910263,0.14173980787739549,0.14173980787739549,1.0798515673113895,0.2776704622504784,0.7314116579857828,0.41372890652421557,0.5288868624491299,0.5682514774036811,0.38123747830387433,0.779836382720581,0.2520522207672169,1.1373364018054835,0.1264313465025726,1.8800111060699267,0.1264313465025726,0.2536731652430735,0.3877212562072945,0.5447878425458623,0.7613628302083577,1.1248538760604083,1.8737698431973893,4.927396086254093,4.801421701567289,3.127571436018413,3.115636556510558,2.103930946341843,2.313455451449647,2.491651012861806,1.9957726999880796,2.3298187068808187,2.035137314942631,2.6309794025304623,2.4337362193593375,3.4665445093317677,3.319020400397604,5.198574544651762,5.072600159964958,0.0,2.5
1.8841021155649518,1.8030194829978612,1.2531744599206478,0.6078422847487568,0.49517098492172806,0.37149946603258766,0.24896356198474123,0.12543275413808264,0.12543275413808175,1.091009194786464,0.2527674545675893,0.7493176071143486,0.3867150363639711,0.5431851848225682,0.5419989135913212,0.3904433172815551,0.7542321591347791,0.2571736047300348,1.1096505991211416,0.12865263309960806,1.843013768650022,0.12865263309960806,0.25743692766839654,0.3914966090349967,0.5461806462877412,0.7574819225341276,1.1118387202210944,1.8441078291999977,4.96280102483244,4.986185627311496,3.207351542367096,3.3085988984517165,2.211614010114845,2.470357158232842,1.9952683344010849,2.1077545874824644,2.046277995767098,2.1065683162512174,2.432260452268638,2.4703571581044415,3.295135610504991,3.322834152495548,5.013810685566906,5.037195288045962,0.5,2.0
1.871130814738315,1.8392635713121699,1.1609642021791444,0.8694770734933952,8.49876414577011e-07,0.5014262582831446,0.30156771118228587,0.14515215682232707,0.14515215682232796,1.097229715326856,0.2790409161070224,0.7425098244296366,0.41131907798208367,0.5342143281533227,0.5623352109353932,0.38319819522620335,0.7706307072613061,0.252482304630389,1.1237883270024334,0.12640490166920149,1.8580108269200195,0.12640490166920149,0.2531373020464205,0.3858181848903257,0.5405467058082021,0.7538690007068496,1.1125337935453548,1.8523835601914798,4.975302840747779,4.849719066575027,3.2305769276786656,3.155607652085185,2.3227500275459416,2.3374188528653512,1.8390911389428721,2.0062281064177983,2.3796369948746596,2.0343489891998687,2.6320797372983646,2.4217815012349715,3.4430458196614335,3.293087523607016,5.150277223030586,5.024693448857834,0.0,3.5
1.844967076285812,1.8274813623567248,1.134197047363159,0.8397155391453603,0.455352825335118,0.36004741733197054,0.2452791045499252,0.12424812142433517,0.12424812142433517,1.0992256195049919,0.25171338114741637,0.7490782510421736,0.3857845237219344,0.5406914211707212,0.5406914211069145,0.3880051044480748,0.75200538002278,0.2554479941427701,1.1057864258901617,0.12778086343437778,1.8359599428023399,0.12778086343437778,0.25567545959473925,0.3889149662559479,0.5429648268908638,0.7536175696852521,1.106843530488859,1.8364884951016882,4.987710616099834,5.00380713143568,3.2705244032484,3.3005738905032906,2.39200281547998,2.453061652145715,1.9412022425905677,2.089767924825476,2.0288142441463135,2.089767924761669,2.422384396499595,2.4537682003363743,3.283948822438529,3.3041066320837658,4.996189196115882,5.012285711451728,0.5,3.0
1.8494804256004116,1.8383106189929261,1.1251402991848254,0.7881181017466927,0.6220024884149993,6.0346182273463e-07,0.3311277864759372,0.15347171640224655,0.15347171640224655,1.1028006859698554,0.28275907913305076,0.7480637496853602,0.4099869939853207,0.5380536685517718,0.5580211355032652,0.38542384024676934,0.7645448335843859,0.25360023860230907,1.1157953868651633,0.1268484272435657,1.8460757454485865,0.1268484272435657,0.25379347037195377,0.386196767325349,0.5399140140611038,0.7513526075813095,1.107074496211407,1.841715300121708,4.993101229292558,4.8693414212869355,3.2704692309357117,3.184502518696256,2.39912240212284,2.3644609118594513,1.9972010677014964,2.026384156159412,1.915112593347601,2.046351623110905,2.6664645974670877,2.4254726164485216,3.4424113072025575,3.287667764711376,5.130654890922019,5.0068950829163965,0.0,4.5
1.8370038954486176,1.8316771534949012,1.1129415125279447,0.773423760586132,0.6058428108144422,0.3252927169104334,0.23524344373550665,0.12138432595985638,0.12138432595985638,1.1022880286205154,0.25029386010391974,0.7501323061206735,0.3854943823840822,0.5406684713736976,0.5406684714305765,0.387630922412769,0.7517531297040718,0.2550826567852056,1.1050139591846464,0.1275729247720907,1.8342557365688645,0.1275729247720916,0.2552090423031581,0.38813646448457817,0.5418939563918217,0.7523530551885056,1.1053531117482678,1.8344253128506747,4.995052463579853,5.011132465982933,3.285621492903327,3.300839638447888,2.4278890226785403,2.4488454699312925,2.0426017265769865,2.084207546194701,1.978652872154366,2.08420754625158,2.405713210432438,2.448329753542883,3.275822878445199,3.2982610559423238,4.988863865336017,5.004943867739097,0.5,4.0
1.838974843656727,1.8353529952658931,1.1113443810402401,0.7626644792150925,0.5627336430296443,0.4370559261660638,3.899231035831008e-07,0.16863806123961478,0.16863806123961478,1.1041006842585732,0.2846291407036059,0.7504601041349286,0.4058027872235481,0.5402132700203186,0.5523983549851903,0.38696198367383694,0.7588565493190549,0.2545248133790512,1.1098348420869808,0.12727021015976714,1.8384248658436793,0.12727021015976803,0.2545560272600218,0.3870868391977149,0.5405137827354887,0.7509913729981195,1.1047910584189935,1.835902974009685,4.998884060892369,4.881411724270486,3.28717942739541,3.214696790244208,2.4303910736151915,2.3952252466892405,2.054813433597814,2.05056792977786,2.032593573303658,2.0627530147427318,2.346529020135714,2.4346475803879497,3.451319688631604,3.2899576090958793,5.118584601401674,5.001112264779791,0.0,5.5
1.8349083607430998,1.8326784926882915,1.1078794897189521,0.7592526541703144,0.5605602383792032,0.4439382827727121,0.20211140926998805,0.112535571306287,0.11253557130628788,1.1034197536093373,0.24803087595516082,0.7507706122800677,0.38578951783755056,0.5408861398050417,0.5413306741230555,0.38763115967111617,0.7521677200096164,0.2550164141179634,1.1050708809508176,0.12752272598764947,1.8338850858701008,0.12752272598765035,0.25507448983263803,0.3878634625298094,0.5414452657463045,0.7517590769297464,1.1047042452218925,1.8337017680056378,4.997925298159467,5.021186006360557,3.290539663404018,3.301043084978553,2.4377346635177037,2.4456542073243766,2.0663454718771987,2.0806731128818594,2.0472304992443,2.081117647199873,2.3550512934013343,2.4456542075383734,3.2576441293532388,3.2957086743712276,4.9788103260525896,5.002071034253679,0.5,5.0
1.8337159020229308,1.832995096107382,1.105522887945411,0.7536746463168207,0.5452504988352755,0.3958564977502057,0.2744832549005096,1.829887752435866e-07,0.18298877546127024,1.1040812761143117,0.27448325473847124,0.7513200136614584,0.3958564976348464,0.5412139857207858,0.5452504987410607,0.38778347154532433,0.7536746462278896,0.2550695490779935,1.105522887845078,0.12753477453861617,1.8337159018804572,0.12753477453861706,0.25506954907647383,0.387783471539235,0.5412139857053062,0.7513200136289453,1.1040812760510899,1.8329950959834629,4.999998166765872,4.908503870759929,3.2938170392815582,3.258497550113817,2.443363700412621,2.4288995287379764,2.0774725256350353,2.0734360127113645,2.073436012505066,2.0774725257316393,2.4288995283838055,2.4433637004142046,3.2584975495343858,3.293817039181289,5.091492462529073,4.99999816652313,0.0,6.5
1.8342427902634348,1.833028861074773,1.106335084366373,0.7553042579772837,0.549164396504052,0.40683296277903125,0.3097439717328552,0.08282225524758502,0.08282225524758502,1.1039072259890492,0.24846653882103986,0.7511216807679961,0.38864472026206,0.5410639418896004,0.5431496174287771,0.38769126854377234,0.7530881748658862,0.2550215187496647,1.1054565850314444,0.1275153007236005,1.8339227222009407,0.1275153007236005,0.2550396841447382,0.3877639301240645,0.5412388298566002,0.75143086079964,1.1043089997706872,1.8333489295705614,4.999349797738456,5.044445718870615,3.292622308198622,3.294239113043427,2.441326907976987,2.438798425875418,2.073786580123768,2.0763214653694817,2.065861013476316,2.0784071409086584,2.410458911496925,2.4438040472307723,3.205023939534757,3.294239113512552,4.955550613857733,5.000646534989892,0.5,6.0
1.8337159020172287,1.83299509610349,1.1055228879404204,0.7536746463107677,0.5452504988258395,0.39585649773205667,0.2744832548581311,0.18298877560936422,1.829887752435866e-07,1.104081276112943,0.27448325470191737,0.7513200136612435,0.39585649762084785,0.5412139857210416,0.5452504987350166,0.38778347154569115,0.7536746462250394,0.25506954907829993,1.1055228878437025,0.12753477453878226,1.8337159018798947,0.12753477453878315,0.25506954907683355,0.38778347153982295,0.5412139857061185,0.7513200136299059,1.1040812760520025,1.8329950959840442,4.9999981667614914,5.091492463293808,3.293817039283046,3.2584975501790936,2.443363700419459,2.428899528768068,2.0774725256485143,2.0734360127276723,2.073436012528793,2.0774725257416473,2.4288995284266424,2.4433637004209956,3.2584975496205137,3.293817039186398,4.908503869995194,4.999998166527511,0.5,7.0
1.6178059184727118,2.143278240310318,1.092332268620254,0.7732192800518654,0.5630627390074006,0.40406240244448544,0.2655648145630902,0.1326628660967364,0.1326628660967364,0.8152633921811487,0.265086649823858,0.6630085645090249,0.4021497434875547,0.5132670607097864,0.559649885876194,0.37948144547638396,0.7746063393561764,0.2532293862501538,1.1354095087983218,0.12743172040300887,1.881720956220455,0.12743172040300887,0.2564974953618826,0.3925538819232992,0.550856732404061,0.7676393913595185,1.1306940038686344,1.879363203755611,4.894959809839825,4.848710289256544,3.4045856117701216,2.838094915042962,2.5687508385117503,2.2879181726856714,2.188085440383184,2.0270593516642013,2.1758794337798446,2.073442176830609,2.5394564226948777,2.4685670707104013,3.404585612000422,3.3507471932585693,5.151285949659297,5.105036429076016,1.0,0.5
1.745161092286267,2.114812672206921,1.032468514476224,0.715583981033383,0.5274240331688036,0.384584548959225,0.25582788049751315,0.1286981878234741,0.1286981878234741,1.771771674263789e-06,0.2589648707963823,1.0096593439812303,0.39713251015469186,0.6602938915712189,0.5593290624574188,0.45017394111945475,0.7826047974102575,0.2887425162511805,1.1566771868413055,0.1426564591307491,1.9268412862978141,0.14265645913074998,0.28188332027181673,0.42273715720199423,0.5827918426964978,0.8011947117453952,1.1692595733801268,1.9331324795672247,4.666340596032429,4.78974823824489,3.0638359628769116,2.803633753861443,2.3132507686725043,3.062596852886151,2.0204039448411155,2.4500700190596127,2.0757717543688097,2.3491051899458126,2.49238191715498,2.6815360462366153,3.4058136100375935,3.5494707168267405,5.210247901781345,5.333655543993806,1.5,0.0
1.8401999151327217,1.926375305742706,0.8590957574748987,0.7370859538730228,0.5647027513700751,0.41035133462132745,0.27026006290742277,0.1349764262953368,0.13497642629533768,1.0314465386948708,0.26964564227392795,0.6953503453810903,0.4078936520873535,0.5112511872869181,0.5654272326125622,0.3736190111634343,0.7797470418225365,0.24900714881300523,1.1397986292459181,0.12539426861660452,1.8858354074123387,0.12539426861660452,0.25256992565341285,0.38787011852506215,0.5466440695791208,0.7647267932942823,1.129607439512193,1.8807398125454753,4.912443805698629,4.816672201674805,3.197638159182512,3.025273322227437,2.591112327361026,2.263472425806494,2.2418964920130655,1.9760157325127574,2.2238378102221112,2.0301917778384015,2.578213268895066,2.4363198084975037,3.437560645499836,3.327111288930417,5.183324031749975,5.087552427726151,1.0,1.5
1.9263753061299624,1.8401999155444635,1.031446538779898,0.6953503453832015,0.5112511872681447,0.3736190111427806,0.24900714879707841,0.12539426860809666,0.12539426860809666,0.8590957576089018,0.25256992563530645,0.7370859538632804,0.38787011849568653,0.5647027513361138,0.5466440695359731,0.41035133459023854,0.7647267932322617,0.27026006288545723,1.1296074394190998,0.13497642628410578,1.8807398123891939,0.13497642628410578,0.26964564225096943,0.4078936520522882,0.5654272325640752,0.7797470417562451,1.1397986291499276,1.885835407254608,4.816672202112561,4.912443806109162,3.0252733222667043,3.1976381591727954,2.263472425737776,2.5911123271992,1.9760157324068626,2.241896491831606,2.030191777702793,2.2238378100314655,2.4363198083162576,2.5782132686734887,3.3271112886691068,3.4375606452071312,5.087552427315618,5.183324031312219,1.5,1.0
1.8696388487417401,1.8663051979915828,1.0959115232107166,0.5405087511673949,0.5256135552337939,0.4038840879842116,0.2698566015313961,0.135245506146779,0.13524550614677988,1.0892442217103966,0.27112542305572074,0.7282261350504138,0.4089593740815074,0.5235324686670904,0.5645730450506976,0.3768674948154045,0.7760553782432105,0.24921654394504245,1.1321362528217451,0.1250625059972288,1.8712424106402588,0.1250625059972288,0.25103348004387094,0.38413523921071224,0.5407337675672088,0.7568203603217527,1.1190547056724225,1.864701637065597,4.958454568177159,4.840658874016032,3.213878225432648,3.1095991821712294,2.3690001822658022,2.2914803835165536,2.2126266703091195,1.9722136225476472,2.2277468826425344,2.0132541989312545,2.5806831549800755,2.4124420823590604,3.429881259121102,3.295361791235763,5.15933739003992,5.041541695878793,1.0,2.5
1.8822435479746868,1.8256216282748845,1.1625982926078589,0.7023290327535623,0.5030198527252026,0.3666383773470061,0.24467267233672096,0.12334533987579999,0.12334533987580087,1.049354453208256,0.24870868716648076,0.7297515980117559,0.3827824366660382,0.5381404381721904,0.5398355148306702,0.3907735121517133,0.7546934398118244,0.2586369930867951,1.113525211205876,0.12964133875431472,1.8522585469572952,0.12964133875431472,0.25992836193046465,0.39593898752638257,0.552177074775563,0.7645625602186805,1.1202213772767673,1.8556066299927405,4.92191996165991,4.984847115620838,3.1693177524395377,3.282570827221754,2.2666478217621435,2.481925061179979,1.9602577765349638,2.134955899834261,2.0094149985853242,2.136650976492741,2.4073391814569987,2.500570904152852,3.282887886397045,3.3554591222719328,5.015149176513986,5.0780763304749135,1.5,2.0
1.8598707206308767,1.8496407345270534,1.1229573061835953,0.7398171876019033,0.3705573574659411,0.3718539539815122,0.26376531832798467,0.13430277909316857,0.13430277909316857,1.1024973339759487,0.2734457980446905,0.742978462720421,0.4105758728483426,0.5327448136305559,0.5635437889044805,0.38148795178295103,0.7720663838738866,0.25120209370926005,1.124741038533886,0.1257475081925783,1.858196005905107,0.1257475081925774,0.25178793906105046,0.3838313331900993,0.5382406668155664,0.7517945670932522,1.1109799273060441,1.8513154502911855,4.986298898538768,4.863124623284982,3.252175686100469,3.147786667851097,2.3810063189779243,2.318735131919839,2.0250204645661203,1.9863325420477604,2.1927037739157456,2.017131517321685,2.5726443870274855,2.4077099494126206,3.419858996005545,3.2812488942372466,5.136871667203562,5.013697391949775,1.0,3.5
1.8553210896172132,1.8309059693723277,1.1375697003407117,0.7923683773613144,0.5062042898619428,0.36061958720567944,0.2404440221394406,0.1214349243242916,0.1214349243242916,1.0887394598509434,0.24529567515772666,0.7404141454262216,0.38002619927882364,0.5362905816797658,0.5374925479649035,0.3863794497646156,0.751575261087857,0.25508311508303017,1.1081426301540724,0.1277881748005001,1.8420670849546728,0.12778817480050098,0.25606958411897107,0.39032532590837654,0.5458691779441844,0.7578547733851844,1.1123284078404556,1.8441599737978638,4.9656008959774045,5.013961990850594,3.2380679811606923,3.3044909458025575,2.3565678649389517,2.4610471611093407,1.9545248134860138,2.1006592149619427,1.9941897015682555,2.1018611812470804,2.3914248877477604,2.467056992570322,3.263309273448775,3.320116507641364,4.986034322922348,5.034395417795537,1.5,3.0
1.8481053835867254,1.8419846998677762,1.1174592170137467,0.7617141174636917,0.5295255171636368,0.2563013474136868,0.2393778250667511,0.1295043843150001,0.12950438431499922,1.1052178495758485,0.27863971219324934,0.7488139819856912,0.41334889591967805,0.5378142763609253,0.5622631541964527,0.38485584286004393,0.7679319015821413,0.2530878775357204,1.1182695063931671,0.12656316591749217,1.848050963286989,0.12656316591749306,0.2531647861342483,0.38516347725415123,0.53853299863446,0.7499492442623539,1.1062458223422043,1.842039121261507,4.998337694103498,4.881987792023239,3.2767954764342653,3.1695074764704616,2.412501045554767,2.3429293390878625,2.0359504053452264,2.0074642530218494,2.0449578868160496,2.031913130857377,2.5386057836647167,2.414989189579474,3.40547378094017,3.280170818436921,5.118008517886677,5.001658615806418,1.0,4.5
1.8449776536072733,1.833740779542083,1.121490725112765,0.7784896152273681,0.5747533424979014,0.3600870397626048,0.23436466163648273,0.118235259822276,0.118235259822276,1.0990169769823837,0.23857637765262396,0.7461043268545113,0.3769339038271706,0.5377578491734321,0.5367850440170083,0.3859670949772669,0.7512462972907819,0.25428023307421466,1.1069383909007806,0.12726845099755302,1.8388827501042535,0.1272684509975539,0.2547935709159983,0.38802044634440414,0.5426507708251047,0.7544474295608352,1.1088442575882418,1.8398356834479836,4.984135711601445,5.0323982976666715,3.2664265089917253,3.3168927779468644,2.3997293547949585,2.4564521786171047,2.0092601859119945,2.087281755589764,1.9771576142391978,2.0863089504333403,2.371518004037428,2.4515881527468553,3.2459975999891872,3.304246310573421,4.967598023614895,5.0158606096801215,1.5,4.0
1.8393427351860616,1.8367947367543387,1.1101639111915524,0.757772992911975,0.5459362100115772,0.3774056316786707,0.16366365266081573,0.11358485595431311,0.11358485595431311,1.1050679143281048,0.29067577115643317,0.7508793652858516,0.4151051097895184,0.5402464222989778,0.5584032770493819,0.38681994159998556,0.7623663551117064,0.25436206183631427,1.1119848115720918,0.1271716178905038,1.8400061536341166,0.12717161789050468,0.2543244097257018,0.3866693331575348,0.5398839253120435,0.7502385160271596,1.1042351426049573,1.8361313191505488,5.0013420599940765,4.907869989594966,3.2891709426985196,3.18466010879494,2.433331441232669,2.3702679656232686,2.062227781478229,2.0344937101269354,2.056175496778695,2.0526505648773394,2.429008381127184,2.4281969783890602,3.3695798710713256,3.285819728124838,5.092126334267562,4.998654263868451,1.0,5.5
1.84129071386646,1.835207866426563,1.114765524246776,0.767648433989077,0.5668615910265524,0.41984079789320905,0.23214126730407436,0.11315407518002374,0.11315407518002374,1.1025998293669836,0.22047503341601882,0.7488158198799253,0.37317586234097977,0.53902577053021,0.5381346130289102,0.3862886076979155,0.7530169906402269,0.25421170828333217,1.107819465751231,0.1271579779515548,1.838517879637857,0.1271579779515557,0.2544202035228871,0.3871225886561298,0.5410180249505245,0.7522441408692324,1.1067451071015766,1.8379807003130295,4.993307580136484,5.055702403506173,3.27917484422158,3.3336486122596334,2.418829523497691,2.4515238163086686,2.038303678164744,2.075883858769723,2.012460112088716,2.0749927012684233,2.3448634550647394,2.4417210842107346,3.2194672948622416,3.2953288416786335,4.944293919995247,5.006688743364935,1.5,5.0
1.833922722147129,1.833348929523396,1.1054565849939149,0.7530881748333433,0.5431496173959456,0.38864472022633567,0.24846653878481106,0.08282225523551023,0.08282225523551023,1.1043089997464453,0.30974397178195723,0.7514308607870603,0.40683296282000114,0.5412388298505437,0.5491643965394042,0.38776393012163535,0.7553042580112788,0.25503968414409606,1.1063350844049409,0.12751530072357387,1.8342427903182663,0.12751530072357298,0.2550215187501994,0.3876912685460452,0.5410639418954828,0.751121680780455,1.1039072260133649,1.8330288611224776,5.000646534896751,4.95555061361699,3.2942391134731945,3.205023939329104,2.443804047229479,2.410458911364616,2.078407140942181,2.065861013397557,2.076321465441718,2.0737865800864173,2.4387984259958375,2.4413269079760607,3.2942391132243913,3.2926223082369055,5.0444457191113585,4.999349797831598,1.0,6.5
1.8400061531881562,1.8361313187537966,1.1119848112663169,0.7623663548548532,0.5584032768038183,0.4151051095449656,0.2906757709438592,0.11358485592201806,0.11358485592201806,1.104235142397596,0.16366365274421302,0.7502385159169043,0.3774056319611532,0.539883925257163,0.5459362103063787,0.38666933313427343,0.7577729932082637,0.2543244097185724,1.1101639115300292,0.1271716178894815,1.8393427356664838,0.1271716178894815,0.2543620618393536,0.38681994161739475,0.5402464223473702,0.7508793653917656,1.105067914538604,1.8367947371707702,4.998654263067787,5.092126332523987,3.2858197277691126,3.369579869692209,2.4281969783421493,2.429008380038826,2.052650565104691,2.0561754960830747,2.034493710648243,2.0622277811322904,2.370267966495043,2.4333314412062808,3.1846601100897876,3.2891709430177376,4.90786999133854,5.00134206079474,1.5,6.0
1.838424865421537,1.8359029736330381,1.1098348417981274,0.7588565490762615,0.5523983547501548,0.40580278697754935,0.284629140446361,0.16863806101655499,0.16863806101655499,1.1047910582211262,3.899231044712792e-07,0.7509913728916056,0.43705592673895133,0.5405137826812103,0.5627336434221055,0.3870868391736595,0.762664479548461,0.2545560272518381,1.1113443813938608,0.12727021015807694,1.8389748441425762,0.12727021015807782,0.2545248133804714,0.386961983688189,0.540213270063727,0.7504601042338446,1.1041006844611003,1.8353529956761954,5.001112264010555,5.118584599486546,3.2899576087470956,3.451319686870063,2.4346475803294396,2.346529018572041,2.062753014941367,2.032593572419387,2.0505679302549393,2.054813433160282,2.3952252475112346,2.4303910735350835,3.2146967915259737,3.2871794276771062,4.881411726185614,4.998884061661605,1.5,7.0
1.8030194827751522,1.8841021152522437,1.0910091947077207,0.749317607093972,0.5431851848240541,0.39044331728963577,0.2571736047379689,0.1286526331042408,0.1286526331042417,1.2531744596619037,0.2574369276789934,0.6078422848250202,0.3914966090537293,0.49517098497785916,0.5461806463173886,0.37149946607092144,0.7574819225792155,0.24896356200875402,1.1118387202914104,0.12543275414971422,1.8441078293206785,0.12543275414971422,0.25276745459010375,0.38671503639631766,0.5419989136335825,0.7542321591899057,1.1096505991982593,1.8430137687741024,4.986185626946416,4.9628010245327445,3.3085988983209784,3.2073515423847425,2.4703571582033614,2.2116140104018323,2.107754587505707,1.9952683346305413,2.1065683163152356,2.0462779959700708,2.4703571582155055,2.432260452478365,3.322834152675796,3.2951356107610215,5.037195288345657,5.013810685931985,2.0,0.5
1.8275249529341373,1.926255996738261,1.0798515673113975,0.7314116579857872,0.5288868624491299,0.38123747830387433,0.2520522207672169,0.12643134650257348,0.1264313465025726,1.2773136549196469,0.2536731652430717,1.1896873317596146e-06,0.3877212562072927,0.7066201485268575,0.5447878425458601,0.46020213455871684,0.7613628302083542,0.28928876925910263,1.124853876060403,0.14173980787739549,1.87376984319738,0.1417398078773946,0.2776704622504784,0.41372890652421646,0.5682514774036784,0.779836382720577,1.137336401805477,1.8800111060699167,4.801421701567312,4.927396086254117,3.1156365565105695,3.127571436018428,2.3134554514496504,2.103930946341853,1.9957726999880796,2.491651012861814,2.035137314942628,2.3298187068808165,2.433736219359331,2.630979402530454,3.3190204003975907,3.4665445093317544,5.072600159964934,5.198574544651739,2.5,0.0
1.8256216279892215,1.8822435476582289,1.0493544530814845,0.7297515979761506,0.5381404381734702,0.39077351216408296,0.25863699309899424,0.1296413387613944,0.12964133876139528,1.1625982924194975,0.259928361946586,0.7023290327328722,0.39593898755444545,0.5030198527455871,0.5521770748186361,0.36663837737250216,0.7645625602819761,0.24467267235651402,1.1202213773726792,0.12334533988630447,1.8556066301543062,0.12334533988630447,0.24870868718870387,0.3827824367012589,0.539835514880453,0.7546934398804872,1.1135252113054288,1.85225854712068,4.984847115171506,4.921919961244798,3.2825708270685894,3.1693177523479648,2.481925061175809,2.266647821875053,2.134955899900917,1.9602577766966265,2.1366509766079,2.0094149987696754,2.500570904324304,2.4073391816791494,3.3554591225307386,3.2828878866953146,5.078076330890024,5.015149176963316,2.0,1.5
1.8663051983399477,1.8696388491616354,1.0892442218459752,0.7282261350920729,0.5235324686703828,0.3768674948055004,0.24921654393376613,0.12506250599035162,0.12506250599035074,1.0959115234893488,0.2510334800276395,0.5405087512460476,0.38413523918098846,0.525613555191125,0.5407337675187223,0.4038840879328722,0.7568203602464587,0.26985660149421786,1.119054705553536,0.13524550612788744,1.8647016368602602,0.13524550612788655,0.27112542301732834,0.40895937402531146,0.5645730449771631,0.7760553781478206,1.1321362526892111,1.8712424104280974,4.840658874643134,4.958454568677997,3.109599182431073,3.213878225506712,2.2914803836024262,2.369000182045003,1.9722136225356648,2.2126266699799437,2.013254198842445,2.227746882307541,2.412442082184765,2.5806831546211275,3.29536179094021,3.429881258680446,5.041541695377956,5.159337389412818,2.5,1.0
1.844243618948095,1.8639787334255509,1.0862577406579046,0.6922479190958173,0.5175474459877849,0.3831706690220571,0.25642289173042343,0.1291696885177842,0.1291696885177851,1.125727969612817,0.2602558623407134,0.7392502172397846,0.3985025514632108,0.5232696321671897,0.5557405984258734,0.37408829115344755,0.767814901983233,0.246828019180791,1.1225541162687274,0.12379855125729833,1.8568985988182363,0.12379855125729744,0.24836618584840142,0.380240957823891,0.536346426492504,0.7515745717856883,1.1114044292327416,1.851323755300243,4.996941414036879,4.909059973959867,3.2764963463460814,3.174250929052101,2.4386047915365783,2.308778821779997,2.126597830264652,1.9680311560034234,2.145396810769371,2.000502122262107,2.5138007135330023,2.3942287330918925,3.3687822510353205,3.269954830179829,5.090936317817779,5.003054877740767,2.0,2.5
1.8639787336291782,1.8442436191581297,1.1257279697214981,0.7392502172788493,0.5232696321734904,0.3740882911477117,0.24682801917312513,0.12379855125248618,0.12379855125248529,1.086257740779403,0.24836618583681602,0.6922479191501454,0.380240957802469,0.5175474459959482,0.536346426458004,0.3831706690133725,0.7515745717335918,0.2564228917196445,1.1114044291528433,0.12916968851122768,1.8513237551650976,0.12916968851122768,0.2602558623252671,0.3985025514358602,0.5557405983850741,0.7678149019258607,1.1225541161852068,1.8568985986812787,4.909059974327871,4.996941414376339,3.1742509292099204,3.2764963464706947,2.3087788218136893,2.4386047915281077,1.9680311559707002,2.1265978301804314,2.000502122182284,2.145396810642487,2.394228732960433,2.5138007133627065,3.2699548299725145,3.3687822507959053,5.003054877401307,5.090936317449775,2.5,2.0
1.8475769727642728,1.8518255950418965,1.105731017392122,0.7315227515247216,0.485998806662602,0.36456226414899184,0.24888043623376088,0.12671142186587314,0.12671142186587314,1.1142282619473676,0.2579652512297326,0.7495092302209025,0.4009015241328724,0.5344369669529696,0.5588641107841328,0.3810544698159015,0.7693562847387638,0.2503317687971469,1.1218617448460175,0.12518472537595393,1.853352292407694,0.12518472537595304,0.25040713270666703,0.3813559254539829,0.5348530941396401,0.7483164131430935,1.1072577144275138,1.8460502771984415,5.006571018152139,4.910983670592344,3.284178770763819,3.185869497416321,2.428854886078364,2.329606486698686,2.078688060007625,1.9809987806106557,2.1275423474846633,2.005425924441819,2.511296496478765,2.393727739364681,3.369673774672518,3.2652577154135516,5.089012630005087,4.993425282445292,2.0,3.5
1.8548316822722057,1.8387109255485754,1.1269152734499528,0.7688325256811108,0.531692236548567,0.37368490190786297,0.24483736927807165,0.12253337052617663,0.12253337052617663,1.0946737600026921,0.245296112826634,0.7304383924879145,0.37551987610210524,0.5270180315202246,0.532602056778317,0.3811039013901931,0.7485864746054833,0.2526750033766012,1.1076366757640081,0.12692081896000484,1.8444943801907205,0.12692081896000396,0.2550082724634155,0.3904369777374459,0.5484443123654943,0.7618524940413001,1.1167443701965405,1.8490482274069864,4.951540833286206,5.023327359663948,3.223629969974004,3.307149804641549,2.351722968987467,2.4577721574654907,1.9733274210438019,2.1028536410796814,1.9900794968607292,2.1084376663377737,2.3782470889941663,2.475920239553064,3.250154089912635,3.330881911940471,4.976668946793445,5.048455473171186,2.5,3.0
1.8439683901810753,1.843929244042771,1.109695247280409,0.7493956185260755,0.522740971156912,0.34065807259797243,0.23428437914287947,0.1212275688702471,0.12122756887024799,1.1096169550037978,0.2506258963381107,0.7520579221630506,0.40602414137889475,0.5392628389150396,0.5629803843373722,0.38515983453611646,0.769890663172927,0.2529441526185128,1.1194249627419295,0.12639906370437348,1.847852447507312,0.12639906370437348,0.25265210219898293,0.38399163285799087,0.536472181727139,0.7472556898317393,1.1038104431080873,1.8400451876903903,5.009370010983662,4.921970247755571,3.29180068450696,3.1992685725830476,2.434757539425534,2.3402775139173606,2.0693535537574492,1.9942437331332048,2.083084764327676,2.0179612785555374,2.489682381561443,2.402692107192348,3.359208445526651,3.269172917315765,5.078026064346794,4.990626301118703,2.0,4.5
1.8495243560185468,1.8385407065870538,1.1222965984400588,0.7720478694584685,0.5576661673976595,0.3803045310612525,0.24413116420553482,0.12118209698486648,0.12118209698486648,1.1003292995770728,0.2405972237339311,0.7423255973988665,0.36616876917483765,0.5331036270809504,0.5280749184426274,0.38251207232998397,0.7473543061144672,0.2522710117074318,1.1069743789635011,0.12639040238975952,1.8424918349543187,0.12639040238975863,0.25329059785160535,0.3865904169066763,0.54258004142575,0.756961743506896,1.1131371648737094,1.8455732279094226,4.975472717071119,5.047152783566387,3.2523387634423306,3.3297941739642,2.383332762853877,2.4700620981210584,1.997875310302085,2.0939052698970295,1.9827891843301755,2.0888765612587066,2.359446396775819,2.45371879504319,3.2284523974439936,3.308422162299259,4.9528435283685495,5.024523594863818,2.5,4.0
1.8385178794829073,1.8379807001736044,1.1078194656466307,0.7530169905556194,0.5381346129546927,0.3731758622804593,0.22047503338520702,0.11315407517271936,0.11315407517271936,1.1067451070280256,0.23214126730566953,0.752244140829986,0.4198407979623058,0.5410180249311329,0.566861591111905,0.3871225886480989,0.7676484340826053,0.25442020352058137,1.1147655243587749,0.1271579779513239,1.8412907140292036,0.1271579779513239,0.2542117082847133,0.38628860770462214,0.5390257705481343,0.7488158199181911,1.1025998294412438,1.8352078665704377,5.006688743082753,4.944293919478236,3.2953288415511697,3.219467294477351,2.4417210841892523,2.3448634547549947,2.074992701338255,2.0124601118873144,2.0758838589316966,2.0383036780680865,2.4515238165694284,2.418829523502593,3.333648612625465,3.2791748443407864,5.055702404023184,4.993307580418667,2.0,5.5
1.847852447114123,1.840045187328263,1.1194249624834836,0.7698906629737339,0.5629803841758827,0.40602414126384545,0.25062589629736465,0.12122756886184227,0.12122756886184227,1.1038104429117634,0.23428437915000533,0.7472556897224827,0.3406580726744064,0.5364721816704208,0.5227409713220483,0.3839916328328652,0.7493956187466906,0.2526521021906296,1.1096952475667217,0.12639906370277298,1.8439683906103748,0.1263990637027721,0.25294415262046144,0.38515983455218716,0.5392628389622658,0.7520579222674519,1.1096169552073436,1.8439292444306852,4.990626300359198,5.078026063170276,3.2691729169478467,3.359208444703855,2.4026921070848246,2.4896823809420967,2.017961278663278,2.0830847638940204,1.994243733449661,2.069353553545648,2.3402775144532675,2.4347575394594734,3.1992685733632467,3.2918006848355654,4.921970248932089,5.009370011743167,2.5,5.0
1.833885085529511,1.8337017676993117,1.1050708807201035,0.7521677198198926,0.541330673947436,0.3857895176700721,0.24803087581293237,0.1125355712372782,0.1125355712372782,1.1047042450597084,0.20211140913617776,0.7517590768417124,0.4439382830880749,0.5414452657011317,0.5605602386525099,0.3878634625096593,0.7592526544257376,0.25507448982571024,1.107879490000495,0.12752272598617864,1.8349083611356467,0.12752272598617953,0.2550164141190061,0.3876311596828348,0.5408861398408309,0.7507706123617073,1.1034197537758508,1.832678493023324,5.002071033623412,4.978810324737226,3.295708674080081,3.2576441282751922,2.4456542074789835,2.3550512923516616,2.0811176473419257,2.047230498598024,2.0806731132353207,2.0663454715494023,2.445654207926956,2.4377346634654806,3.3010430858898743,3.2905396636402653,5.0211860076759205,4.997925298789734,2.0,6.5
1.8480509631201123,1.8420391211087654,1.118269506282319,0.7679319014940358,0.5622631541189893,0.41334889585111956,0.2786397121412323,0.12950438429509603,0.12950438429509514,1.1062458222596252,0.23937782503914828,0.749949244215979,0.2563013474427791,0.5385329986095257,0.5295255172785156,0.3851634772422319,0.7617141175935709,0.25316478612959514,1.117459217162672,0.126563165916191,1.8481053837952308,0.126563165916191,0.2530878775351679,0.38485584286451946,0.5378142763776488,0.7488139820266775,1.1052178496626022,1.8419847000451959,5.001658615481913,5.118008517302904,3.280170818277992,3.405473780489234,2.414989189530841,2.538605783268757,2.0319131309013247,2.044957886495557,2.0074642531599842,2.035950405164547,2.342929339335542,2.412501045515886,3.169507476856912,3.276795476548963,4.881987792607012,4.9983376944280025,2.5,6.0
1.846075745095698,1.8417152997997412,1.1157953866296078,0.7645448333947185,0.5580211353312743,0.4099869938218088,0.282759078984987,0.15347171629986,0.15347171629986,1.1070744960376908,0.33112778621445305,0.7513526074836037,6.0346182273463e-07,0.5399140140080112,0.6220024889258111,0.3861967672993529,0.7881181021218446,0.2537934703613285,1.1251402995491728,0.12684842724034695,1.849480426078036,0.12684842724034784,0.2536002386000602,0.38542384025428333,0.5380536685840984,0.7480637497683871,1.1028006861521689,1.8383106193795336,5.006895082230075,5.130654889557954,3.287667764374725,3.442411306058073,2.4254726163451776,2.6664645962348352,2.0463516232047425,1.9151125922130543,2.0263841564575666,1.9972010671308542,2.364460912404145,2.399122401953346,3.1845025195713266,3.27046923114119,4.869341422651,4.993101229978879,2.5,7.0
1.8274813620211514,1.8449670758566565,1.0992256193596726,0.7490782509864768,0.5406914211565432,0.38800510445115943,0.2554479941503569,0.12778086343969086,0.12778086343969086,1.1341970470306855,0.25567545960840476,0.8397155388193385,0.38891496628334643,0.4553528254733239,0.5429648269391736,0.36004741742965063,0.7536175697647214,0.2452791046102627,1.1068435306192579,0.1242481214530855,1.8364884953319154,0.12424812145308461,0.25171338120207754,0.38578452379690464,0.5406914211996292,0.7520053801376876,1.1057864260445924,1.8359599430445823,5.003807130673003,4.987710615565051,3.3005738901049364,3.2705244031480856,2.4530616519473414,2.392002815725805,2.089767924757769,1.9412022431898128,2.089767924800855,2.0288142446556625,2.4537682004873833,2.4223843969907333,3.304106632381619,3.2839488229997285,5.01228571198651,4.996189196878558,3.0,0.5
1.8392635713121734,1.8711308147383185,1.0972297153268595,0.7425098244296393,0.5342143281533236,0.38319819522620424,0.2524823046303881,0.12640490166920237,0.12640490166920149,1.160964202179148,0.2531373020464205,0.8694770734933988,0.3858181848903248,8.49876414577011e-07,0.5405467058082003,0.5014262582831437,0.7538690007068478,0.30156771118228676,1.1125337935453516,0.14515215682232707,1.8523835601914758,0.14515215682232796,0.2790409161070224,0.41131907798208456,0.5623352109353923,0.7706307072613034,1.1237883270024303,1.8580108269200146,4.849719066575037,4.975302840747791,3.155607652085192,3.2305769276786735,2.337418852865355,2.322750027545946,2.0062281064178,1.8390911389428721,2.0343489891998687,2.379636994874658,2.421781501234968,2.632079737298362,3.29308752360701,3.443045819661427,5.024693448857822,5.150277223030575,3.5,0.0
1.8309059689155358,1.855321089095817,1.0887394596295223,0.7404141453334896,0.5362905816527972,0.38637944976656424,0.25508311509330195,0.12778817480807803,0.1277881748080789,1.1375696999900846,0.25606958413901015,0.7923683771222239,0.3903253259493926,0.5062042898612686,0.545869178016777,0.36061958725495646,0.7578547735029084,0.2404440221844757,1.1123284080299523,0.1214349243490993,1.844159974127532,0.1214349243490993,0.24529567521191975,0.38002619936472826,0.5374925480820627,0.7515752612420097,1.1081426303684268,1.8420670852967687,5.0139619898579255,4.965600895199289,3.304490945291489,3.238067980911551,2.4610471608738864,2.3565678650604767,2.100659214905125,1.9545248138876454,2.1018611813343906,1.9941897020431538,2.467056992809836,2.3914248882911058,3.320116508084961,3.2633092741365823,5.034395418573651,4.986034323915015,3.0,1.5
1.8496407347613886,1.859870720912518,1.102497334083127,0.7429784627650049,0.5327448136445136,0.38148795178323436,0.2512020937052357,0.12574750818938885,0.12574750818938885,1.1229573063853824,0.2517879390523188,0.7398171877612247,0.3838313331715639,0.3705573575060379,0.5382406667814106,0.3718539539424812,0.7517945670352422,0.2637653182906705,1.110979927208912,0.13430277907323251,1.8513154501178148,0.13430277907323251,0.2734457980022622,0.41057587278884533,0.5635437888314088,0.7720663837846149,1.1247410384155168,1.8581960057211164,4.863124623871547,4.986298898931893,3.1477866681833913,3.252175686208764,2.3187351321025265,2.3810063188757002,1.986332542126367,2.0250204642860394,2.017131517313262,2.192703773561412,2.4077099493146426,2.572644386654173,3.2812488940249236,3.4198589955724144,5.013697391556651,5.1368716666169965,3.5,1.0
1.8387109252014842,1.8548316819113886,1.0946737598106342,0.7304383923890292,0.5270180314828146,0.38110390138450434,0.2526750033822669,0.12692081896542184,0.12692081896542096,1.126915273230443,0.25500827247942137,0.7688325255495334,0.3904369777731187,0.5316922365071797,0.5484443124311156,0.3736849019084918,0.7618524941462175,0.2448373692904111,1.1167443703605011,0.12253337053532931,1.8490482276854414,0.1225333705353302,0.2452961128509088,0.37551987615048166,0.5326020568574252,0.7485864747216948,1.1076366759357226,1.8444943804730516,5.023327358932777,4.951540832616155,3.307149804266623,3.2236299696701876,2.4577721573068976,2.351722968919166,2.10285364106835,1.9733274211427512,2.1084376664429607,1.990079497066687,2.475920239780151,2.3782470893044128,3.3308819123336066,3.2501540903745028,5.048455473841237,4.976668947524615,3.0,2.5
1.8518255950419,1.8475769727642763,1.1142282619473711,0.7495092302209043,0.5344369669529678,0.38105446981590063,0.250331768797146,0.12518472537595393,0.12518472537595304,1.1057310173921238,0.25040713270666615,0.7315227515247207,0.3813559254539802,0.48599880666260464,0.5348530941396419,0.36456226414899273,0.7483164131430935,0.24888043623376266,1.1072577144275124,0.12671142186587314,1.8460502771984393,0.12671142186587314,0.2579652512297326,0.4009015241328724,0.5588641107841319,0.7693562847387616,1.1218617448460149,1.85335229240769,4.910983670592354,5.006571018152144,3.185869497416327,3.2841787707638206,2.3296064866986885,2.428854886078363,1.9809987806106566,2.0786880600076225,2.0054259244418207,2.1275423474846598,2.3937277393646816,2.5112964964787605,3.2652577154135507,3.3696737746725103,4.993425282445287,5.089012630005077,3.5,2.0
1.8428806760631034,1.8506999808925233,1.102984115323995,0.738700565062989,0.5184797054634522,0.37231757929493536,0.2474819971398503,0.12472332614282777,0.12472332614282777,1.118622724982833,0.2514113074314599,0.760565482253071,0.38803482046137105,0.540198940992072,0.5513815610752233,0.38244351043085967,0.766156792460619,0.25001347992383227,1.120020552844535,0.12472332614282777,1.8506999815121528,0.12472332614282688,0.24887982464747882,0.37790888932544764,0.5296623255466049,0.7442918752705365,1.1043819431856954,1.8428806766827326,5.027267445618019,4.947567964491153,3.3091100956977426,3.2215913097414575,2.4550058050212265,2.3543798921900843,2.094214129283685,1.9818492303983843,2.1053967493668377,1.9930318504815356,2.477371045342439,2.376745132511295,3.334270991388284,3.2467522054319975,5.052428341928189,4.972728860801323,3.0,3.5
1.8506999810447553,1.842880676218254,1.1186227250705478,0.7605654823041235,0.5401989410157135,0.38244351043833014,0.250013479924152,0.12472332614165804,0.12472332614165715,1.102984115417537,0.24887982464247926,0.7387005651221932,0.3779088893116338,0.518479705495194,0.5296623255176685,0.3723175793061815,0.7442918752202337,0.24748199714111507,1.1043819431040771,0.12472332614165804,1.8428806765423122,0.12472332614165715,0.2514113074255171,0.38803482044378423,0.5513815610381885,0.7661567924021617,1.1200205527570848,1.8506999813688159,4.947567964842133,5.02726744593928,3.2215913099390345,3.3091100958626836,2.354379892294004,2.455005805087626,1.9818492304336646,2.0942141292770664,1.9930318504561395,2.105396749299541,2.376745132419971,2.477371045213593,3.246752205252904,3.334270991176555,4.9727288604800615,5.052428341577209,3.5,3.0
1.842491834559965,1.8455732275347678,1.1069743787141615,0.7473543059368231,0.5280749183176825,0.36616876910374074,0.24059722370617287,0.12118209697786408,0.12118209697786408,1.113137164663767,0.24413116420528347,0.756961743385415,0.3803045311001778,0.5425800413619948,0.5576661675256416,0.3865904168789731,0.7720478696539574,0.2532905978429545,1.1222965987126186,0.12639040238842547,1.849524356442984,0.12639040238842636,0.2522710117107474,0.3825120723501447,0.5331036271367977,0.7423255975163001,1.1003292997930325,1.83854070698319,5.024523594056298,4.95284352731641,3.308422161884759,3.228452396759506,2.453718794881345,2.3594463963010224,2.0888765612946667,1.9827891840157852,2.093905270113782,1.997875310179432,2.4700620985263413,2.3833327629544163,3.329794174613201,3.2523387638240804,5.047152784618527,4.975472717878639,3.0,4.5
1.850699981258197,1.8428806764339427,1.1200205526895974,0.7661567923570507,0.5513815610096087,0.3880348204302084,0.251411307420927,0.12472332614075476,0.12472332614075476,1.1043819430410888,0.24748199714209118,0.7442918751814114,0.37231757931486076,0.5296623254953401,0.5184797055196877,0.3779088893009721,0.7387005651678851,0.24887982463861924,1.1029841154897295,0.12472332614075476,1.8428806763379895,0.12472332614075565,0.2500134799243998,0.3824435104440971,0.5401989410339585,0.7605654823435222,1.1186227251382372,1.8506999811622429,4.972728860232129,5.052428341306344,3.2467522051146878,3.334270991013156,2.37674513234949,2.4773710451141584,1.9930318504365365,2.105396749247608,1.9818492304608863,2.0942141292719554,2.3543798923742,2.4550058051388683,3.2215913100915103,3.3091100959899786,4.947567965112999,5.0272674461872136,3.5,4.0
1.8388827498104998,1.839835683173746,1.1069383907103125,0.7512462971464906,0.5367850439006174,0.3769339037383297,0.23857637759915562,0.11823525980072525,0.11823525980072436,1.1088442574368047,0.23436466160374447,0.7544474294734895,0.3600870397566851,0.5426507707771648,0.5747533426491747,0.3880204463211898,0.7784896154295287,0.25479357090683585,1.1214907253636386,0.1272684509949471,1.8449776539719394,0.1272684509949471,0.25428023307295344,0.38596709498566106,0.5377578492054207,0.7461043269324952,1.099016977143861,1.83374077986205,5.015860609084178,4.967598022706131,3.304246310268625,3.2459975993331094,2.451588152631266,2.371518003500049,2.0863089504704364,1.9771576137832447,2.0872817557752397,2.0092601856552545,2.456452178969405,2.3997293547635934,3.3168927785141102,3.266426509220396,5.032398298575435,4.984135712197388,3.0,5.5
1.853352291647738,1.8460502764716473,1.1218617443665924,0.7693562843923623,0.5588641105240528,0.40090152395446665,0.2579652511388737,0.126711421832149,0.1267114218321499,1.1072577140144109,0.2488804361897241,0.7483164128928843,0.36456226415786297,0.5348530939924538,0.4859988068497483,0.3813559253764307,0.7315227519469913,0.2504071326722883,1.1057310180212645,0.12518472536438985,1.8475769737434544,0.12518472536438896,0.2503317687852684,0.3810544698283467,0.5344369670333102,0.7495092304410318,1.114228262418505,1.8518255959420742,4.993425280784505,5.089012627856235,3.265257714501156,3.3696737732167374,2.393727738919832,2.5112964953920507,2.0054259243558166,2.1275423466570293,1.980998780865074,2.078688059514324,2.329606487351639,2.4288548860848844,3.1858694986312703,3.2841787714338606,4.910983672741195,5.006571019812925,3.5,5.0
1.8342557363915404,1.8344253126865997,1.105013959068236,0.7517531296132685,0.5406684713526051,0.38549438231644295,0.25029386005153675,0.1213843259323708,0.1213843259323708,1.1053531116583502,0.23524344367794647,0.7523530551368074,0.3252927168220827,0.5418939563630332,0.6058428110003691,0.3881364644700831,0.7734237607573462,0.25520904229700125,1.1129415127092688,0.12757292477011806,1.8370038956935661,0.12757292477011895,0.25508265678347364,0.3876309224159664,0.5406684713899481,0.7501323061639251,1.102288028716396,1.8316771536971295,5.004943867381993,4.988863864726,3.2982610557605714,3.2758228779717715,2.448329753475809,2.405713209991368,2.084207546278507,1.9786528716766432,2.08420754631585,2.042601726313979,2.448845470163332,2.427889022601242,3.3008396388281915,3.28562149301351,5.01113246659295,4.995052463936958,3.0,6.5
1.8581960056622684,1.851315450062362,1.1247410383776604,0.772066383756064,0.5635437888080412,0.4105758727698188,0.2734457979886935,0.13430277906685895,0.13430277906685806,1.1109799271778416,0.2637653182787405,0.7517945670166855,0.3718539539300023,0.5382406667704878,0.37055735751886054,0.3838313331656362,0.7398171878121733,0.25178793904952634,1.1229573064499148,0.12574750818836833,1.8598707210025895,0.12574750818836922,0.25120209370394964,0.3814879517833285,0.532744813648979,0.7429784627792677,1.1024973341174071,1.8496407348363353,5.013697391430908,5.136871666429405,3.2812488939570086,3.419858995433901,2.407709949283298,2.5726443865348,2.0171315173105624,2.192703773448117,1.9863325421515001,2.0250204641964897,2.318735132160949,2.381006318843027,3.1477866682896627,3.2521756862434152,4.863124624059139,4.986298899057636,3.5,6.0
1.858010826569135,1.85238355986354,1.1237883267743687,0.7706307070856662,0.562335210785931,0.4113190778515037,0.27904091600095526,0.14515215675819615,0.14515215675819615,1.1125337933631751,0.30156771103182756,0.7538690005991562,0.5014262579749849,0.5405467057452285,8.498764154651894e-07,0.38581818485611397,0.8694770741059052,0.25313730203015083,1.1609642026860716,0.12640490166317697,1.871130815346456,0.12640490166317697,0.25248230462255616,0.3831981952257344,0.534214328176918,0.742509824508387,1.097229715523252,1.8392635717650467,5.024693448120542,5.150277221825756,3.2930875232145835,3.443045818720412,2.421781501062771,2.6320797363890645,2.0343489892028392,2.379636993764893,2.0062281065938263,1.8390911378960801,2.3374188532507096,2.3227500271458714,3.155607652773006,3.230576927801792,4.849719067779857,4.975302841485071,3.5,7.0
1.8316771533295704,1.8370038952483565,1.1022880285421301,0.7501323060853142,0.5406684713604184,0.3876309224101542,0.255082656786624,0.12757292477370452,0.12757292477370363,1.1129415123797006,0.2552090423081923,0.7734237604461498,0.38813646449642647,0.6058428106624252,0.5418939564153575,0.3252927169826716,0.75235305523077,0.235243443782573,1.1053531118217752,0.12138432598233084,1.8344253129848094,0.12138432598233084,0.25029386014675215,0.3854943824393855,0.5406684714943242,0.7517531297783084,1.105013959279813,1.8342557367138288,5.0111324654842075,4.995052463287916,3.300839638136968,3.285621492813263,2.44884546974159,2.4278890227417547,2.0842075460956613,2.0426017267920313,2.084207546229567,1.9786528725449637,2.4483297535977213,2.405713210793062,3.2982610560909102,3.2758228788322645,5.0049438680310345,4.988863865834743,4.0,0.5
1.8383106190335496,1.8494804256505972,1.1028006859890116,0.748063749694083,0.53805366855517,0.38542384024755805,0.2536002386020728,0.1268484272432273,0.1268484272432282,1.1251402992231103,0.2537934703708373,0.7881181017861145,0.3861967673226179,0.6220024884686737,0.5399140140555243,6.0346182273463e-07,0.751352607571043,0.331127786448457,1.1070744961931536,0.15347171639148627,1.8417153000878779,0.15347171639148716,0.28275907911749254,0.40998699396813887,0.5580211354851938,0.7645448335644587,1.1157953868404136,1.8460757454115082,4.869341421430262,4.993101229364672,3.1845025187881992,3.2704692309573034,2.36446091191668,2.3991224021050304,2.026384156190736,1.9972010676415337,2.04635162312076,1.9151125932283843,2.4254726164376605,2.6664645973376047,3.2876677646760015,3.4424113070823013,5.006895082844282,5.130654890778692,4.5,0.0
1.8337407793761695,1.8449776534181819,1.0990169768986515,0.7461043268140761,0.5377578491568471,0.3859670949729139,0.25428023307486836,0.1272684509989057,0.1272684509989057,1.1214907249826789,0.25479357092075094,0.7784896151225418,0.3880204463564416,0.5747533424194593,0.5426507708499635,0.36008703976567435,0.7544474296061261,0.23436466165345848,1.1088442576667643,0.11823525983345196,1.8398356835901817,0.11823525983345196,0.23857637768035023,0.37693390387323866,0.5367850440773618,0.7512462973656016,1.1069383909995436,1.8388827502565717,5.032398297195447,4.984135711292432,3.316892777652729,3.266426508873156,2.4564521784344278,2.399729354811228,2.0872817554935903,2.009260186045128,2.086308950414105,1.9771576144756322,2.4515881528067927,2.371518004316084,3.304246310731468,3.2459976003293898,5.015860609989134,4.9675980240861195,4.0,1.5
1.8419847002608307,1.8481053840486616,1.105217849768036,0.7488139820764825,0.537814276397973,0.3848558428699569,0.2530878775344938,0.12656316591460914,0.12656316591460914,1.1174592173436935,0.253164786123941,0.7617141177514481,0.3851634772277466,0.5295255174181666,0.5385329985792202,0.25630134747814104,0.7499492441596258,0.23937782500558757,1.1062458221592624,0.12950438427089583,1.8420391209231288,0.12950438427089583,0.2786397120779984,0.4133488957677809,0.5622631540248233,0.7679319013869415,1.1182695061475894,1.8480509629172925,4.881987793316594,4.998337694822382,3.1695074773266594,3.2767954766883296,2.3429293396366218,2.412501045468577,2.00746425332792,2.0359504049448756,2.0319131309547704,2.044957886105929,2.414989189471755,2.538605782787414,3.2801708180848506,3.405473779941089,5.001658615087534,5.118008516593322,4.5,1.0
1.8385407062792591,1.8495243556887644,1.1003292994092746,0.7423255973076204,0.5331036270375558,0.38251207231432005,0.2522710117048561,0.12639040239079513,0.12639040239079513,1.1222965982282824,0.2532905978583271,0.7720478693065731,0.3865904169282013,0.5576661672982155,0.542580041475289,0.3803045310310109,0.7569617436012859,0.244131164205732,1.1131371650368331,0.12118209699030835,1.8455732282005237,0.12118209699030746,0.24059722375550052,0.3661687692300797,0.5280749185397084,0.7473543062524928,1.1069743791572355,1.8424918352607254,5.047152782748887,4.975472716443681,3.329794173459935,3.252338763145712,2.470062097806161,2.3833327627757566,2.0939052697286202,1.9978753103973848,2.088876561230773,1.9827891845744583,2.4537187951689456,2.3594463971447333,3.308422162621325,3.2284523979758344,5.024523595491256,4.95284352918605,4.0,2.5
1.8439292439926298,1.8439683901255854,1.1096169549774881,0.7520579221495574,0.5392628389089342,0.3851598345340381,0.2529441526182614,0.12639906370458132,0.12639906370458043,1.1096952472433976,0.2526521022000612,0.7493956184975579,0.38399163286123805,0.5227409711355682,0.5364721817344709,0.340658072588095,0.7472556898458613,0.23428437914195932,1.1038104431334639,0.12122756887133423,1.8400451877371986,0.12122756887133423,0.2506258963433776,0.4060241413937664,0.5629803843582435,0.7698906631986744,1.1194249627753359,1.847852447558135,4.921970247603498,5.00937001088549,3.199268572482202,3.2918006844644854,2.3402775138480916,2.434757539421149,1.9942437330923006,2.069353553784829,2.01796127854161,2.083084764383732,2.402692107206246,2.489682381641498,3.2691729173633206,3.3592084456330027,4.990626301216874,5.078026064498867,4.5,2.0
1.8428806761166072,1.850699980934273,1.1043819428566373,0.7442918750677316,0.5296623254299462,0.3779088892697553,0.24887982462731806,0.12472332613810977,0.12472332613810977,1.120020552491968,0.2500134799251237,0.7661567922249448,0.3824435104609787,0.5513815609259138,0.5401989410873855,0.388034820390458,0.7605654824588974,0.2514113074074933,1.1186227253364616,0.12472332613811066,1.8506999815062797,0.12472332613810977,0.24748199714494845,0.37231757934027776,0.5184797055914161,0.7387005653016834,1.1029841157011304,1.8428806766886143,5.052428340513162,4.972728859506105,3.334270990534664,3.246752204709942,2.4773710448229753,2.376745132143098,2.1053967490955214,1.9930318503791318,2.0942141292569914,1.9818492305406035,2.4550058052889194,2.354379892609043,3.3091100963627316,3.2215913105380114,5.027267446913236,4.94756796590618,4.0,3.5
1.845573227894164,1.842491834938258,1.113137164865158,0.7569617435019476,0.542580041423153,0.3865904169055465,0.25329059785125274,0.12639040238970445,0.12639040238970534,1.1069743789533462,0.2522710117075677,0.7473543061072334,0.3825120723308073,0.5280749184375422,0.533103627083225,0.36616876917194396,0.7423255974036502,0.24059722373280135,1.1003292995858693,0.12118209698458138,1.8385407066031862,0.12118209698458138,0.24413116420552772,0.3803045310628397,0.5576661674028673,0.772047869466427,1.1222965984511577,1.84952435603583,4.952843528325706,5.024523594830926,3.228452397416124,3.3084221622823735,2.3594463967564936,2.453718795036595,1.9827891843173857,2.088876561260169,1.9978753102971,2.093905269905852,2.3833327628579806,2.470062098137558,3.2523387634578853,3.329794173990626,4.975472717104012,5.047152783609231,4.5,3.0
1.8444943799558189,1.849048227175313,1.1076366756211407,0.7485864745087953,0.5326020567125012,0.3755198760618592,0.24529611280643682,0.1225333705185605,0.12253337051856139,1.1167443700601245,0.24483736926780875,0.7618524939540094,0.37368490190734427,0.5484443123108997,0.5316922365830039,0.39043697770776653,0.7688325257905801,0.25500827245009816,1.1269152736325823,0.12692081895549734,1.8548316825723983,0.12692081895549734,0.2526750033718894,0.381103901394928,0.5270180315513482,0.7304383925701887,1.0946737601624825,1.8387109258373486,5.048455472613709,4.976668946185113,3.330881911613387,3.250154089528361,2.475920239364136,2.378247088736045,2.1084376662502686,1.99007949668938,2.1028536410891157,1.9733274209614842,2.457772157597445,2.351722969044298,3.307149804953491,3.223629970226782,5.023327360272279,4.951540833843683,4.0,4.5
1.8490482272361923,1.8444943800175508,1.1167443700959758,0.7618524939769502,0.5484443123252474,0.3904369777155656,0.2550082724535976,0.12692081895668128,0.12692081895668128,1.1076366756586857,0.2526750033731284,0.7485864745342043,0.38110390139368455,0.5326020567297958,0.5270180315431685,0.37551987607243653,0.7304383925485682,0.24529611281174546,1.094673760120491,0.12253337052056246,1.8387109257614596,0.12253337052056246,0.24483736927050703,0.37368490190748194,0.5316922365739529,0.7688325257618116,1.1269152735845869,1.8548316824935078,4.976668946344981,5.04845547276021,3.2501540896293513,3.3308819116993407,2.3782470888038825,2.4759202394137834,1.9900794967344142,2.1084376662732636,1.9733274209831198,2.1028536410866363,2.3517229690293657,2.457772157562768,3.223629970160355,3.3071498048715133,4.951540833697181,5.02332736011241,4.5,4.0
1.8420670848026148,1.8441599736513314,1.1081426300587953,0.751575261019342,0.5374925479128319,0.3800261992406435,0.24529567513364192,0.12143492431326752,0.12143492431326663,1.1123284077562259,0.24044402211942817,0.7578547733328591,0.36061958718378406,0.5458691779119196,0.5062042898622456,0.3903253258901449,0.7923683774675783,0.25606958411006353,1.1375697004965493,0.127788174797133,1.8553210898489516,0.127788174797133,0.2550831150784676,0.38637944976375316,0.5362905816917545,0.7404141454674402,1.0887394599493585,1.8309059695753562,5.0343954174496774,4.986034322481137,3.3201165074441956,3.263309273143072,2.467056992463868,2.3914248875062745,2.101861181208279,1.9941897013571994,2.1006592149872017,1.9545248133075255,2.4610471612139984,2.356567864884959,3.304490946029715,3.2380679812714446,5.013961991291803,4.965600896323263,4.0,5.5
1.856898598501438,1.8513237549876322,1.1225541160755377,0.7678149018505254,0.5557405983315027,0.3985025513999476,0.26025586230498643,0.12916968850261945,0.12916968850261945,1.1114044290479255,0.25642289170549226,0.7515745716651807,0.38317066900197183,0.5363464264126998,0.5175474460066649,0.3802409577743422,0.6922479192214839,0.2483661858216042,1.0862577409389376,0.12379855124616768,1.8442436194339196,0.12379855124616679,0.24682801916306474,0.3740882911401817,0.5232696321817714,0.7392502173301492,1.1257279698642066,1.8639787338965539,5.003054876955552,5.090936316966557,3.269954829700281,3.3687822504815443,2.3942287327878082,2.513800713139111,2.0005021220774646,2.1453968104759022,1.9680311559277333,2.1265978300698674,2.308778821857935,2.438604791517009,3.174250929417155,3.2764963466343424,4.90905997481109,4.9969414148220945,4.5,5.0
1.8359599428825142,1.8364884951778855,1.1057864259412744,0.7520053800608126,0.5406914211376064,0.385784523746751,0.2517133811655121,0.12424812143385289,0.12424812143385289,1.106843530532017,0.24527910456990298,0.7536175697115537,0.3600474173643109,0.5429648269068528,0.4553528253808752,0.3889149662650153,0.8397155390374356,0.25567545959926186,1.134197047253104,0.12778086343613637,1.8449670761437564,0.12778086343613637,0.25544799414528363,0.38800510444909975,0.5406914211660312,0.7490782510237426,1.0992256194568941,1.8274813622456514,5.0122857116287225,4.996189196368324,3.3041066321823447,3.283948822624291,2.453768200386354,2.422384396662177,2.089767924774641,2.028814244314934,2.089767924803066,1.9412022427889566,2.4530616520800574,2.392002815561377,3.3005738903714397,3.270524403215219,5.003807131183238,4.987710615922839,4.0,6.5
1.871242410397283,1.8647016368304339,1.1321362526699659,0.7760553781339699,0.5645730449664894,0.40895937401715354,0.2711254230117559,0.13524550612514563,0.13524550612514474,1.119054705536267,0.26985660148882484,0.7568203602355235,0.4038840879254275,0.5407337675116795,0.5256135551849361,0.3841352391766746,0.5405087512574696,0.25103348002528225,1.0959115235297947,0.1250625059893542,1.8696388492225917,0.1250625059893533,0.24921654393213277,0.37686749480406867,0.5235324686708678,0.7282261350981272,1.0892442218656624,1.8663051983905254,5.041541695305215,5.159337389321763,3.295361790897285,3.429881258616474,2.412442082159452,2.580683154569032,2.013254198829551,2.227746882258936,1.9722136225339293,2.2126266699321926,2.291480383614903,2.3690001820129876,3.109599182468809,3.2138782255175,4.840658874734189,4.958454568750738,4.5,6.0
1.8800111060297375,1.8737698431589624,1.1373364017800123,0.7798363827017569,0.568251477388543,0.41372890651187966,0.2776704622412218,0.14173980787223073,0.14173980787223162,1.124853876038463,0.28928876924770197,0.7613628301947486,0.46020213453779935,0.5447878425373123,0.7066201484870751,0.3877212562021821,1.1896873317596146e-06,0.25367316524033257,1.2773136550206123,0.12643134650142862,1.926255996840916,0.12643134650142862,0.25205222076538014,0.38123747830236354,0.5288868624499625,0.7314116579931995,1.0798515673351172,1.827524952998169,5.07260015987343,5.198574544525382,3.3190204003451207,3.466544509238651,2.4337362193304886,2.63097940244789,2.035137314931095,2.329818706790941,1.9957726999925147,2.4916510127407037,2.3134554514738346,2.1039309462258533,3.11563655656773,3.127571436006133,4.801421701693668,4.92739608634562,4.5,7.0
1.8326784926815414,1.8349083607351915,1.10341975360598,0.750770612278421,0.5408861398043214,0.387631159670879,0.25501641411794207,0.12752272598767966,0.12752272598768055,1.1078794897132793,0.2550744898327775,0.7592526541651665,0.3878634625302171,0.5605602383736992,0.541445265747214,0.44393828276635805,0.7517590769315223,0.20211140927268634,1.1047042452251608,0.11253557130767788,1.8337017680118093,0.11253557130767788,0.24803087595802786,0.38578951784092474,0.5413306741265935,0.7521677200134387,1.1050708809554635,1.833885085876961,5.021186006334059,4.997925298146765,3.3010430849601953,3.2905396633992536,2.445654207312243,2.437734663518752,2.080673112874747,2.0663454718838024,2.081117647197019,2.047230499257317,2.4456542075395786,2.3550512934224814,3.2957086743771002,3.257644129374956,5.002071034266382,4.9788103260790875,5.0,0.5
1.8353529955222747,1.8389748439603189,1.1041006843851244,0.7504601041967334,0.5402132700474427,0.3869619836828031,0.2545248133799376,0.12727021015871198,0.1272702101587111,1.1113443812612083,0.25455602725490944,0.7626644794234094,0.38708683918268605,0.5627336432748917,0.5405137827015718,0.437055926524061,0.7509913729315651,3.899231044712792e-07,1.1047910582953562,0.16863806110022317,1.835902973774333,0.16863806110022317,0.2846291405428554,0.40580278706982487,0.5523983548383202,0.7588565491673389,1.109834841906484,1.8384248655798971,4.881411725467217,4.998884061373028,3.2146967910451654,3.28717942757142,2.3952252472028963,2.4303910735651213,2.050567930075988,2.054813433324398,2.0627530148668654,2.032593572751078,2.434647580351401,2.346529019158582,3.2899576088779474,3.451319687530834,5.001112264299133,5.118584600204944,5.5,0.0
1.835207866146611,1.8412907135497925,1.1025998292224912,0.7488158198054746,0.5390257704953321,0.3862886076848673,0.2542117082806499,0.12715797795200423,0.12715797795200512,1.1147655240288508,0.2544202035273715,0.7676484338070857,0.38712258867175464,0.5668615908604657,0.541018024988257,0.41984079775875216,0.7522441409455967,0.2321412673009764,1.1067451072446874,0.11315407519423815,1.837980700584317,0.11315407519423815,0.2204750334759753,0.37317586245874157,0.5381346131733267,0.753016990804861,1.1078194659547616,1.838517879939354,5.055702402500161,4.99330757958743,3.3336486115477886,3.279174843989643,2.4515238158012727,2.4188295234881636,2.0758838584545396,2.0383036783528325,2.074992701132534,2.012460112480624,2.441721084252528,2.3448634556674683,3.2953288419266396,3.2194672956111794,5.0066887439139895,4.944293921001258,5.0,1.5
1.8367947368659916,1.8393427353148741,1.1050679143845432,0.7508793653142494,0.5402464223119523,0.38681994160465294,0.25436206183712873,0.12717161789022935,0.12717161789023024,1.1101639112823065,0.25432440972379133,0.7577729929914199,0.3866693331512998,0.5459362100906242,0.5398839252973282,0.3774056317544128,0.7502385159975997,0.1636636526831765,1.10423514254936,0.11358485594565337,1.8361313190441706,0.11358485594565337,0.290675771099437,0.415105109723946,0.5584032769835381,0.7623663550428375,1.111984811490105,1.840006153514543,4.907869990062467,5.0013420602087475,3.184660109142129,3.2891709427841036,2.370267965857023,2.4333314412255884,2.0344937102667195,2.0622277813854684,2.0526505649383053,2.0561754965921724,2.42819697837649,2.4290083808353593,3.285819728029466,3.3695798707015427,4.99865426365378,5.09212633380006,5.5,1.0
1.840045187202504,1.8478524469775763,1.1038104428435833,0.7472556896845388,0.5364721816507227,0.3839916328241415,0.2526521021877297,0.12639906370221698,0.1263990637022161,1.1194249623937305,0.25294415262113823,0.769890662904559,0.3851598345577685,0.5629803841197996,0.5392628389786678,0.4060241412238961,0.7520579223037096,0.25062589628321597,1.10961695527803,0.12122756885892372,1.8439292445653974,0.1212275688589246,0.23428437915248157,0.3406580727009505,0.5227409713793945,0.7493956188233044,1.1096952476661506,1.8439683907594575,5.078026062761701,4.990626300095437,3.3592084444181216,3.269172916820077,2.48968238072702,2.4026921070474847,2.0830847637434315,2.017961278700694,2.0693535534721033,1.9942437335595624,2.434757539471266,2.340277514639376,3.291800684949687,3.19926857363419,5.0093700120069276,4.921970249340664,5.0,2.5
1.837980700437825,1.8385178797765498,1.1067451071674075,0.7522441409043585,0.5410180249678813,0.38712258866331517,0.25442020352494943,0.12715797795176176,0.12715797795176176,1.1078194658448606,0.2542117082820994,0.7530169907159676,0.386288607691915,0.538134613095349,0.5390257705141672,0.37317586239515776,0.7488158198456798,0.2204750334436021,1.1025998293005164,0.1131540751865634,1.8352078662977818,0.1131540751865634,0.2321412673026515,0.419840797831351,0.5668615909501424,0.767648433905352,1.1147655241465242,1.8412907137207852,4.94429392045805,5.006688743617499,3.2194672952067886,3.2953288417927107,2.3448634553420327,2.4417210842299495,2.012460112269025,2.074992701205897,2.038303678251286,2.075883858624715,2.418829523493323,2.451523816075237,3.279174844114898,3.3336486119321513,4.993307579883921,5.0557024030433695,5.5,2.0
1.8460502765339406,1.8533522917128717,1.1072577140498172,0.7483164129143285,0.5348530940050678,0.38135592538307783,0.2504071326752353,0.12518472536538106,0.12518472536538017,1.121861744407683,0.25033176878628804,0.7693562844220523,0.38105446982728086,0.5588641105463434,0.5344369670264255,0.4009015239697611,0.7495092304221656,0.257965251146663,1.1142282623781234,0.12671142183504092,1.8518255958649186,0.12671142183504092,0.24888043619350064,0.36456226415710447,0.48599880683370555,0.7315227519107981,1.105731017967339,1.8475769736595262,5.0890126280404155,4.993425280926848,3.369673773341516,3.2652577145793567,2.5112964954851993,2.3937277389579616,2.1275423467279753,2.0054259243631902,2.078688059556613,1.9809987808432723,2.4288548860843333,2.3296064872956768,3.284178771376437,3.185869498527137,5.006571019670583,4.910983672557015,5.0,3.5
1.839835683230925,1.8388827498717468,1.1088442574683794,0.7544474294917007,0.5426507707871595,0.3880204463260304,0.25479357090874544,0.12726845099549067,0.12726845099549067,1.1069383907500265,0.25428023307321723,0.7512462971765776,0.38596709498391135,0.5367850439248851,0.5377578491987514,0.3769339037568553,0.7461043269162371,0.23857637761030492,1.099016977110193,0.11823525980521854,1.8337407797953345,0.11823525980521943,0.23436466161057368,0.36008703975792056,0.5747533426176314,0.7784896153873753,1.1214907253113287,1.8449776538959024,4.967598022895615,5.015860609208431,3.2459975994699093,3.304246310332175,2.3715180036121035,2.451588152655366,1.9771576138783233,2.0863089504626995,2.0092601857087953,2.0872817557365657,2.39972935477014,2.4564521788959475,3.2664265091727236,3.3168927783958355,4.984135712073135,5.032398298385951,5.5,3.0
1.8513237547700054,1.856898598280896,1.111404428919264,0.7515745715812878,0.5363464263571407,0.3802409577398489,0.248366185802948,0.12379855123841743,0.12379855123841832,1.1225541159410426,0.2468280191507226,0.7678149017581424,0.37408829113094466,0.5557405982658015,0.5232696321919201,0.3985025513559055,0.7392502173930557,0.2602558622801121,1.1257279700392169,0.12916968849206256,1.8639787342244554,0.12916968849206167,0.2564228916881346,0.3831706689879848,0.517547446019806,0.692247919308969,1.0862577411345866,1.8442436197721406,5.090936316373963,5.003054876408912,3.368782250096019,3.2699548293664344,2.5138007128648896,2.3942287325761145,2.1453968102715866,2.0005021219489167,2.126597829934252,1.9680311558750354,2.438604791503372,2.3087788219121856,3.2764963468350103,3.1742509296712904,4.996941415368734,4.909059975403683,5.0,4.5
1.84415997387773,1.8420670850375487,1.1123284078863636,0.7578547734137056,0.5458691779617713,0.39032532591831437,0.25606958412382586,0.12778817480233684,0.12778817480233595,1.108142630206003,0.2550831150855215,0.7515752611252058,0.38637944976509075,0.5374925479932893,0.5362905816732337,0.380026199299639,0.7404141454037583,0.24529567517085837,1.088739459797298,0.12143492433030456,1.8309059692616558,0.12143492433030456,0.24044402215035543,0.36061958721762366,0.5062042898617816,0.7923683773033852,1.137569700255757,1.8553210894908854,4.986034323162849,5.034395417984047,3.2633092736154232,3.3201165077488346,2.391424887879415,2.467056992628353,1.9941897016833332,2.101861181268238,1.9545248135833435,2.1006592149481826,2.3565678649684143,2.461047161052302,3.2380679811003454,3.3044909456787415,4.965600895788894,5.013961990610093,5.5,4.0
1.852258546727457,1.8556066297654645,1.1135252110658334,0.7546934397152372,0.5398355147606395,0.3827824366165,0.24870868713522043,0.12334533986102514,0.12334533986102514,1.1202213771418457,0.2446726723088819,0.7645625601296429,0.3666383773111477,0.5521770747149723,0.5030198526965299,0.39593898748691103,0.7023290327826688,0.25992836190778856,1.162598292872821,0.12964133874435735,1.8822435484198359,0.12964133874435735,0.25863699306963994,0.39077351213431655,0.5381404381703851,0.7297515980618421,1.0493544533865826,1.8256216286767168,5.078076329890982,5.015149175881913,3.3554591219078826,3.2828878859774733,2.5005709039116892,2.4073391811445095,2.1366509763307686,2.0094149983260143,2.1349558997405143,1.960257776307572,2.4819250611858563,2.2666478216033297,3.2825708274372185,3.169317752568362,4.984847116252911,4.921919962243841,5.0,5.5
1.8556066298732432,1.852258546836449,1.1202213772058291,0.764562560171866,0.5521770747437085,0.3959389875056294,0.2599283619185426,0.1296413387490798,0.1296413387490798,1.1135252111322442,0.25863699307777743,0.7546934397610423,0.3907735121425686,0.5398355147938494,0.5381404381712414,0.3827824366399941,0.7297515980380913,0.24870868715004413,1.0493544533020138,0.12334533986803287,1.8256216284861524,0.12334533986803287,0.24467267232208645,0.3666383773281554,0.503019852710131,0.7023290327688683,1.1625982927471654,1.8822435482087279,5.015149176181656,5.078076330167899,3.2828878861764457,3.3554591220805294,2.407339181292703,2.5005709040260626,2.0094149984489924,2.136650976407589,1.960257776415415,2.134955899784981,2.266647821678654,2.481925061183078,3.1693177525072764,3.282570827335048,4.921919961966925,4.984847115953167,5.5,5.0
1.843013768727305,1.8441078292751616,1.1096505991691767,0.754232159169117,0.5419989136176486,0.3867150363841221,0.2527674545816163,0.12543275414533017,0.12543275414533017,1.1118387202648883,0.24896356199970526,0.7574819225622118,0.3714994660564761,0.5461806463062056,0.4951709849567081,0.3914966090466683,0.6078422847962863,0.2574369276749984,1.2531744597594443,0.12865263310249553,1.8841021153701356,0.12865263310249464,0.2571736047349811,0.3904433172865929,0.5431851848234999,0.7493176071016641,1.0910091947374174,1.8030194828591224,5.037195288232629,5.013810685794316,3.322834152607819,3.2951356106644845,2.4703571581736234,2.4322604523993014,2.1065683162910993,2.0462779958935657,2.1077545874969505,1.9952683345440683,2.4703571582144925,2.2116140102936863,3.3085988983702936,3.2073515423781322,4.986185627084086,4.962801024645772,5.0,6.5
1.8858354075807284,1.8807398127123172,1.1397986293483946,0.7797470418933088,0.565427232664331,0.407893652124792,0.26964564229844257,0.13497642630732898,0.13497642630732987,1.1296074396115783,0.270260062930876,0.7647267933604995,0.4103513346545231,0.5466440696251889,0.5647027514063394,0.3878701185564273,0.7370859538834345,0.2525699256727467,0.8590957573318361,0.1253942686256897,1.8401999146931147,0.1253942686256897,0.24900714883001207,0.37361901118548513,0.5112511873069652,0.6953503453788397,1.0314465386040956,1.9263753053292452,5.0875524281644475,5.183324032217326,3.327111289209409,3.437560645812339,2.4363198086910263,2.578213269131637,2.0301917779832026,2.2238378104256604,1.9760157326258367,2.241896492206811,2.2634724258798844,2.591112327533818,3.0252733221855372,3.1976381591929073,4.816672201207454,4.912443805260333,5.5,6.0
1.9331324793665612,1.9268412861021798,1.1692595732556867,0.801194711656616,0.5827918426283789,0.4227371571494718,0.28188332023463225,0.14265645911103242,0.14265645911103242,1.1566771867269212,0.2887425162094992,0.7826047973363393,0.4501739410489405,0.5593290624080547,0.6602938914532017,0.39713251012264017,1.0096593437631967,0.2589648707775174,1.7717716755960566e-06,0.1286981878149156,2.1148126732663086,0.1286981878149165,0.2558278804821459,0.38458454894114613,0.5274240331570161,0.715583981050461,1.03246851458763,1.7451610927043504,5.210247901288568,5.333655543402379,3.4058136097369234,3.549470716411232,2.4923819169633825,2.68153604589381,2.0757717542479126,2.3491051896064112,2.02040394477655,2.4500700186515583,2.313250768677539,3.0625968522921148,3.0638359630305367,2.803633753286273,4.666340596623854,4.7897482387376655,5.5,7.0
1.833028861155114,1.8342427903557805,1.1039072260299951,0.7511216807889731,0.5410639418995062,0.38769126854759683,0.25502151875056267,0.12751530072355433,0.1275153007235552,1.1063350844313318,0.2550396841436591,0.7553042580345499,0.387763930119978,0.5491643965636124,0.5412388298464021,0.40683296284805603,0.7514308607784583,0.30974397181558366,1.1043089997298658,0.08282225522723952,1.8333489294911274,0.08282225522723952,0.24846653876000158,0.388644720201869,0.5431496173734698,0.7530881748110674,1.105456584968235,1.8339227221103123,5.044445719276154,4.999349797895302,3.2942391133482793,3.292622308263077,2.438798426078286,2.4413269079754043,2.0763214654911817,2.0737865800608324,2.0784071409651452,2.065861013343622,2.4438040472286158,2.4104589112740245,3.294239113446288,3.2050239391883064,5.000646534833046,4.9555506134521945,6.0,0.5
1.8329950961073678,1.8337159020229166,1.1040812761143055,0.7513200136614513,0.541213985720784,0.38778347154532344,0.2550695490779944,0.12753477453861706,0.12753477453861706,1.105522887945404,0.2550695490764747,0.753674646316818,0.38778347153923765,0.5452504988352711,0.5412139857053075,0.39585649775020215,0.7513200136289497,0.27448325490050873,1.104081276051097,1.829887752435866e-07,1.8329950959834749,0.18298877546127024,0.27448325473847124,0.39585649763485,0.5452504987410651,0.7536746462278958,1.1055228878450851,1.8337159018804687,4.908503870759896,4.9999981667658435,3.2584975501137983,3.293817039281544,2.428899528737964,2.4433637004126147,2.0734360127113627,2.0774725256350344,2.0774725257316438,2.073436012505071,2.443363700414216,2.4288995283838184,3.293817039181307,3.2584975495344066,4.9999981665231585,5.091492462529106,6.5,0.0
1.836131318736264,1.8400061531684493,1.1042351423884336,0.7502385159120317,0.5398839252547338,0.3866693331332476,0.254324409718258,0.1271716178894362,0.1271716178894371,1.1119848112528068,0.2543620618394886,0.7623663548435049,0.3868199416181639,0.558403276792963,0.540246422349508,0.41510510953416,0.7508793653964467,0.29067577093446495,1.1050679145479059,0.11358485592059075,1.836794737189172,0.11358485592059075,0.16366365274789718,0.3774056319736365,0.5459362103194056,0.7577729932213577,1.110163911544987,1.8393427356877126,5.09212633244694,4.998654263032405,3.3695798696312664,3.2858197277533927,2.42900837999073,2.4281969783400745,2.056175496052335,2.0526505651147335,2.0622277811170067,2.0344937106712786,2.433331441205117,2.3702679665335653,3.289170943031846,3.1846601101470062,5.0013420608301224,4.907869991415588,6.0,1.5
1.8333489292405236,1.8339227218244005,1.1043089996010726,0.7514308607116256,0.5412388298142234,0.38776393010708343,0.25503968414024936,0.12751530072341133,0.12751530072341044,1.1054565847688274,0.25502151875339507,0.7530881746381404,0.3876912685596663,0.543149617199008,0.5410639419307555,0.38864472001200134,0.7511216808551588,0.24846653856746403,1.103907226159186,0.08282225516306063,1.8330288614085863,0.08282225516306063,0.30974397207653226,0.4068329630657841,0.5491643967514896,0.7553042582151992,1.1063350846362576,1.8342427906471221,4.955550612172902,5.000646534338189,3.2050239380954393,3.2942391132371993,2.410458910570899,2.443804047221767,2.0658610129250574,2.078407141143293,2.0737865798623236,2.0763214658750404,2.4413269079704394,2.438798426718198,3.2926223084664477,3.29423911430992,4.999349798390159,5.044445720555446,6.5,1.0
1.8420391208358353,1.8480509628219224,1.1062458221120668,0.7499492441331217,0.5385329985649694,0.38516347722093514,0.2531647861212818,0.12656316591386485,0.12656316591386574,1.1182695060842374,0.2530878775341785,0.7679319013365902,0.3848558428725184,0.5622631539805552,0.5378142764075298,0.413348895728606,0.7488139820999065,0.27863971204827465,1.1052178498176157,0.1295043842595227,1.8419847003622258,0.1295043842595227,0.2393778249898153,0.25630134749476774,0.5295255174838127,0.7617141178256697,1.1174592174288005,1.8481053841678183,5.118008516259708,5.001658614902075,3.405473779683396,3.2801708179940183,2.5386057825611443,2.4149891894439595,2.0449578859227904,2.0319131309798877,2.0359504048416337,2.0074642534068623,2.4125010454463682,2.3429293397781628,3.276795476753887,3.169507477547504,4.998337695007841,4.881987793650207,6.0,2.5
1.8337017677689342,1.833885085606921,1.1047042450965687,0.7517590768617195,0.5414452657113964,0.38786346251423964,0.255074489827285,0.12752272598651349,0.12752272598651349,1.1050708807725416,0.25501641411876896,0.7521677198630181,0.3876311596801729,0.5413306739873542,0.5408861398326974,0.3857895177081403,0.7507706123431537,0.2480308758452603,1.103419753738006,0.11253557125296432,1.8326784929471767,0.11253557125296343,0.20211140916659343,0.4439382830163936,0.5605602385903872,0.759252654367681,1.1078794899365028,1.8349083610464247,4.9788103250362,5.002071033766657,3.257644128520229,3.2957086741462494,2.355051292590254,2.4456542074924768,2.047230498744928,2.0811176473096316,2.0663454716239187,2.0806731131549747,2.43773466347736,2.445654207789988,3.2905396635865776,3.3010430856827337,4.997925298646489,5.021186007376946,6.5,2.0
1.8513154499700004,1.8581960055642526,1.1109799271260972,0.7517945669857822,0.5382406667522872,0.38383133315576323,0.25178793904487495,0.12574750818667013,0.12574750818667013,1.1247410383146006,0.25120209370180646,0.7720663837085082,0.38148795178348216,0.5635437887691142,0.5327448136564152,0.41057587273812857,0.742978462803022,0.2734457979660938,1.1024973341745037,0.13430277905623988,1.849640734961169,0.13430277905623988,0.26376531825886484,0.3718539539092136,0.37055735754021857,0.7398171878970428,1.1229573065574063,1.8598707211526202,5.136871666116938,5.013697391221475,3.4198589952031773,3.281248893843893,2.572644386335945,2.4077099492310987,2.1927037732593764,2.0171315173060727,2.0250204640473077,1.9863325421933737,2.3810063187885873,2.318735132258267,3.2521756863011184,3.147786668466677,4.9862988992670685,4.863124624371606,6.0,3.5
1.8344253127427805,1.8342557364522598,1.105353111689137,0.7523530551545079,0.5418939563728866,0.388136464475048,0.2552090422991098,0.12757292477079485,0.12757292477079396,1.1050139591080992,0.25508265678406783,0.7517531296443654,0.3876309224148722,0.5406684713793064,0.5406684713843855,0.38549438233960664,0.7501323061491179,0.2502938600694753,1.1022880286835661,0.12138432594178283,1.8316771536278826,0.12138432594178372,0.23524344369765782,0.3252927168523376,0.605842810936696,0.7734237606987153,1.112941512647177,1.837003895609688,4.9888638649348955,5.004943867504265,3.2758228781338987,3.298261055822799,2.4057132101424195,2.4483297534987676,1.9786528718402492,2.0842075462692744,2.0426017264040586,2.0842075462743535,2.427889022627726,2.4488454700838647,3.285621492975793,3.3008396386979557,4.995052463814686,5.011132466384055,6.5,3.0
1.86470163686149,1.8712424104293692,1.119054705554249,0.7568203602469099,0.5407337675190131,0.3841352391811679,0.2510334800277372,0.12506250599039337,0.12506250599039337,1.1321362526900067,0.2492165439338372,0.7760553781483965,0.37686749480556525,0.5645730449776067,0.5235324686703677,0.4089593740256534,0.7282261350918269,0.27112542301756193,1.0892442218451595,0.1352455061280029,1.8663051983378423,0.135245506128002,0.2698566014944479,0.40388408793319197,0.5256135551913896,0.5405087512455751,1.0959115234876573,1.8696388491590912,5.1593373894165975,5.04154169538096,3.4298812586831096,3.2953617909419846,2.5806831546233084,2.412442082185815,2.2277468823095905,2.0132541988429837,2.212626669981967,1.9722136225357447,2.369000182046374,2.291480383601918,3.2138782255062943,3.1095991824295157,4.958454568674992,4.840658874639355,6.0,4.5
1.8364884951778784,1.835959942882507,1.1068435305320126,0.753617569711551,0.5429648269068483,0.388914966265018,0.25567545959926186,0.12778086343613637,0.12778086343613637,1.10578642594127,0.2554479941452845,0.7520053800608109,0.38800510444910064,0.540691421137601,0.5406914211660325,0.38578452374675276,0.7490782510237457,0.25171338116551123,1.0992256194568975,0.12424812143385378,1.8274813622456578,0.12424812143385378,0.24527910456990298,0.36004741736431267,0.4553528253808774,0.8397155390374382,1.1341970472531075,1.8449670761437622,4.996189196368307,5.0122857116287065,3.283948822624282,3.304106632182336,2.4223843966621725,2.4537682003863504,2.028814244314934,2.08976792477464,1.9412022427889633,2.0897679248030716,2.3920028155613835,2.4530616520800645,3.270524403215229,3.3005738903714508,4.987710615922855,5.003807131183255,6.5,4.0
1.8807398126026253,1.885835407470017,1.1296074395462368,0.7647267933169655,0.5466440695949011,0.38787011853580733,0.252569925660036,0.12539426861971759,0.12539426861971847,1.1397986292810192,0.24900714881883346,0.7797470418467816,0.37361901117099094,0.5654272326302943,0.5112511872937886,0.40789365210018147,0.6953503453803251,0.26964564228232746,1.0314465386637763,0.1349764262994464,1.9263753056010569,0.1349764262994464,0.2702600629154599,0.4103513346327041,0.5647027513825043,0.7370859538765959,0.8590957574258886,1.8401999149821129,5.183324031910067,5.08755242787629,3.4375606456068883,3.327111289025991,2.5782132689761115,2.4363198085638054,2.22383781029185,2.0301917778880147,2.2418964920794533,1.976015732551509,2.591112327420242,2.2634724258316528,3.1976381591860945,3.025273322213102,4.91244380554849,4.816672201514712,6.0,5.5
1.8441078292751705,1.8430137687273103,1.1118387202648927,0.7574819225622136,0.5461806463062073,0.3914966090466665,0.2574369276749975,0.12865263310249464,0.12865263310249464,1.1096505991691794,0.2571736047349802,0.7542321591691223,0.3904433172865929,0.5419989136176486,0.5431851848234976,0.38671503638412386,0.7493176071016618,0.2527674545816154,1.0910091947374143,0.12543275414532928,1.8030194828591175,0.12543275414533017,0.24896356199970437,0.37149946605647344,0.49517098495670764,0.6078422847962854,1.2531744597594412,1.8841021153701303,5.013810685794329,5.037195288232643,3.295135610664489,3.322834152607827,2.4322604523993006,2.470357158173628,2.0462779958935604,2.1065683162910984,1.9952683345440607,2.1077545874969474,2.2116140102936797,2.4703571582144854,3.2073515423781234,3.3085988983702843,4.962801024645759,4.9861856270840725,6.5,5.0
1.8793632035791887,1.8817209560456973,1.1306940037611968,0.7676393912851509,0.5508567323493336,0.3925538818832024,0.256497495335009,0.12743172038942596,0.12743172038942596,1.1354095086942158,0.25322938622269486,0.7746063392867315,0.3794814454339388,0.5596498858276799,0.5132670606495884,0.4021497434542365,0.663008564426133,0.2650866498030542,0.8152633920719783,0.13266286608685007,2.143278241139573,0.13266286608685007,0.2655648145443479,0.4040624024194095,0.563062738982393,0.7732192800468534,1.092332268706873,1.6178059189306477,5.151285949198465,5.105036428582507,3.4045856117061266,3.350747192926236,2.5394564224892777,2.468567070454715,2.1758794336235363,2.0734421766019224,2.1880854402565957,2.027059351423831,2.5687508384202467,2.2879181723957274,3.4045856117921107,2.8380949146646515,4.894959810333333,4.848710289717375,6.0,6.5
1.8817209560661503,1.8793632035998353,1.1354095087064007,0.7746063392948574,0.5596498858333563,0.40214974345813825,0.2650866498054887,0.13266286608800826,0.13266286608800826,1.130694003773769,0.26556481454654257,0.7676393912938542,0.4040624024223467,0.5508567323557383,0.5630627389853218,0.3925538818878964,0.7732192800474444,0.2564974953381558,1.092332268696737,0.1274317203910167,1.6178059188770395,0.1274317203910167,0.25322938622591096,0.3794814454389108,0.5132670606566379,0.6630085644358417,0.8152633920847641,2.143278241042492,5.105036428640266,5.1512859492524,3.350747192965132,3.404585611740573,2.4685670704846423,2.5394564225133465,2.0734421766286957,2.175879433641839,2.0270593514519772,2.1880854402714225,2.2879181724296807,2.5687508384309705,2.838094914708956,3.4045856117895514,4.84871028966344,4.894959810275575,6.5,6.0
2.1117372177356817,2.1063715214890006,1.276158777280755,0.8729911615495158,0.6333039085218157,0.45756925870763077,0.3035739421566426,0.15285267707592265,0.15285267707592265,1.265427384787393,0.30783676614704847,0.8571360082737183,0.4746205546692521,0.6132927363205622,0.6799600136136528,0.4357313095816222,0.9904705628598895,0.2840270242566616,1.5860652422446049,0.14094780613073077,3.0222529262058633e-06,0.14094780613072988,0.2797642002662597,0.41868001362000484,0.5666366312287412,0.7396566069633694,0.9555209198235832,1.1958558130188839,5.702933790839689,5.808186943027964,3.732144379234737,3.8546680986148862,2.7357498022202416,2.897077479974542,2.2814386542907306,2.5145620263700756,2.214771376997656,2.581229303663166,2.4968587252533947,3.1359685569414335,3.1488057029203356,4.438006774929376,4.191808838863296,4.297061991051572,6.5,7.0
1.8329950961034847,1.8337159020172233,1.1040812761129386,0.7513200136612417,0.5412139857210398,0.38778347154569115,0.25506954907829904,0.12753477453878315,0.12753477453878315,1.1055228879404169,0.25506954907683443,0.753674646310766,0.38778347153982473,0.5452504988258369,0.5412139857061198,0.39585649773205756,0.7513200136299085,0.27448325485813196,1.1040812760520051,0.182988775609366,1.8329950959840482,1.829887752435866e-07,0.27448325470191737,0.3958564976208505,0.5452504987350184,0.7536746462250403,1.105522887843704,1.8337159018798976,5.091492463293799,4.999998166761478,3.258497550179089,3.293817039283038,2.428899528768068,2.4433637004194555,2.0734360127276767,2.0774725256485143,2.0774725257416553,2.073436012528797,2.4433637004210045,2.428899528426648,3.2938170391864094,3.2584975496205213,4.999998166527524,4.9085038699952035,7.0,0.5
1.8359029736664336,1.8384248654589683,1.1047910582386704,0.7509913729010496,0.5405137826860189,0.3870868391757938,0.25455602725256465,0.12727021015822704,0.12727021015822793,1.109834841823739,0.25452481338034527,0.7588565490977945,0.38696198368691714,0.5523983547710003,0.5402132700598781,0.4058027869993648,0.750460104225076,0.28462914046917653,1.1041006844431438,0.16863806103633738,1.835352995639814,0.16863806103633738,3.899231044712792e-07,0.4370559266881431,0.5627336433872996,0.7626644795188979,1.111344381362503,1.838974844099494,5.118584599656381,5.001112264078758,3.4513196870262846,3.2899576087780176,2.3465290187107186,2.434647580334624,2.032593572497812,2.0627530149237465,2.054813433199093,2.0505679302126243,2.430391073542197,2.3952252474383355,3.287179427652135,3.214696791412303,4.998884061593403,4.88141172601578,7.0,1.5
1.8417152997577375,1.8460757450496637,1.107074496015029,0.751352607470861,0.5399140140010825,0.38619676729596275,0.25379347035994115,0.12684842723992773,0.12684842723992684,1.1157953865988786,0.253600238599768,0.7645448333699774,0.38542384025526477,0.558021135308838,0.5380536685883164,0.40998699380048365,0.7480637497792197,0.2827590789656753,1.102800686175952,0.15347171628650536,1.838310619429965,0.15347171628650536,0.33112778618034966,6.0346182273463e-07,0.6220024889924378,0.7881181021707793,1.1251402995966988,1.8494804261403388,5.130654889380022,5.006895082140542,3.4424113059087897,3.2876677643308048,2.6664645960741105,2.425472616331694,1.9151125920650722,2.0463516232169816,1.9972010670564275,2.02638415649646,2.399122401931244,2.364460912475196,3.2704692311680015,3.1845025196854726,4.9931012300684126,4.869341422828932,7.0,2.5
1.8523835600657534,1.8580108267854971,1.1125337934755075,0.7538690006655608,0.5405467057840561,0.38581818487721,0.2531373020401828,0.1264049016668931,0.12640490166689222,1.1237883269149984,0.25248230462738785,0.7706307071939724,0.3831981952260266,0.5623352108780963,0.5342143281623706,0.4113190779320277,0.7425098244598312,0.2790409160663634,1.097229715402151,0.14515215679774318,1.8392635714857903,0.14515215679774318,0.3015677111246111,0.5014262581650155,8.498764154651894e-07,0.8694770737281989,1.1609642023734774,1.8711308149714534,5.150277222568699,5.024693448575164,3.4430458193006883,3.293087523456559,2.632079736949792,2.4217815011689483,2.3796369944492466,2.0343489892010025,1.839091138541606,2.0062281064852767,2.322750027392595,2.33741885301308,3.2305769277258896,3.155607652348868,4.97530284103045,4.849719067036915,7.0,3.5
1.8737698431959515,1.8800111060684248,1.1248538760595865,0.7613628302078483,0.5447878425455404,0.3877212562071062,0.25367316524297223,0.12643134650253174,0.12643134650253085,1.137336401804534,0.25205222076715295,0.779836382719882,0.3812374783038246,0.5682514774031198,0.5288868624491685,0.41372890652376615,0.7314116579860648,0.27767046225014,1.0798515673122766,0.14173980787720808,1.8275249529364952,0.14173980787720808,0.2892887692586905,0.4602021345579601,0.7066201485254155,1.1896873313155254e-06,1.2773136549233421,1.9262559967420279,5.198574544647075,5.072600159961537,3.4665445093283314,3.319020400395643,2.6309794025274353,2.433736219358262,2.329818706877547,2.0351373149422045,2.4916510128574223,1.9957726999882532,2.1039309463376474,2.313455451450552,3.1275714360180173,3.1156365565126887,4.927396086257513,4.801421701571975,7.0,4.5
1.9268412861021798,1.9331324793665612,1.156677186726923,0.7826047973363375,0.5593290624080538,0.39713251012264106,0.2589648707775183,0.1286981878149165,0.1286981878149156,1.169259573255685,0.255827880482145,0.8011947116566169,0.38458454894114524,0.582791842628378,0.5274240331570157,0.42273715714947446,0.7155839810504614,0.28188332023463136,1.0324685145876302,0.14265645911103242,1.745161092704351,0.14265645911103242,0.2887425162094992,0.4501739410489396,0.6602938914532022,1.0096593437631967,1.7717716755960566e-06,2.114812673266309,5.333655543402379,5.21024790128857,3.549470716411232,3.4058136097369243,2.6815360458938082,2.4923819169633843,2.3491051896064103,2.0757717542479126,2.4500700186515587,2.0204039447765503,3.0625968522921143,2.313250768677537,2.8036337532862716,3.0638359630305363,4.789748238737664,4.666340596623854,7.0,5.5
2.1063715214890024,2.1117372177356835,1.2654273847873938,0.85713600827372,0.6132927363205649,0.4357313095816213,0.2840270242566616,0.14094780613072988,0.14094780613073077,1.2761587772807568,0.27976420026625837,0.8729911615495194,0.4186800136200053,0.6333039085218157,0.5666366312287408,0.45756925870763254,0.7396566069633681,0.3035739421566426,0.9555209198235817,0.15285267707592265,1.1958558130188819,0.15285267707592265,0.30783676614704847,0.4746205546692508,0.6799600136136505,0.9904705628598869,1.5860652422446022,3.022252926205858e-06,5.808186943027973,5.702933790839694,3.8546680986148933,3.7321443792347413,2.897077479974548,2.735749802220243,2.5145620263700788,2.281438654290729,2.5812293036631644,2.214771376997654,3.13596855694143,2.4968587252533894,4.43800677492937,3.1488057029203285,4.297061991051566,4.191808838863287,7.0,6.5
